"85960 	 0 	-3928 	16408 	-5036 	
";20014356;0;-3096;16484;-5116
"85960 	 1 	128 	14980 	-7168 	
";20014356;1;1072;80;-7660
"85960 	 2 	-3940 	16344 	-5160 	
";20014356;2;-3068;16492;-5040
"112388 	 0 	-3892 	16340 	-5096 	
";20041396;0;-3008;16512;-5164
"112388 	 1 	148 	15108 	-7168 	
";20041396;1;1044;72;-7544
"112388 	 2 	-3940 	16300 	-5108 	
";20041396;2;-2972;16548;-5132
"138984 	 0 	-4000 	16240 	-5160 	
";20068436;0;-3040;16492;-5184
"138984 	 1 	56 	14988 	-8048 	
";20068436;1;1088;4;-7676
"138984 	 2 	-3912 	16396 	-5184 	
";20068436;2;-2976;16528;-5084
"165520 	 0 	-3956 	16340 	-5228 	
";20095216;0;-3028;16464;-5176
"165520 	 1 	0 	14976 	-7992 	
";20095216;1;1092;8;-7544
"165520 	 2 	-4020 	16344 	-5156 	
";20095216;2;-3068;16480;-5176
"192000 	 0 	-4040 	16260 	-5224 	
";20121992;0;-3028;16572;-5128
"192000 	 1 	40 	14976 	-7788 	
";20121992;1;1064;0;-7148
"192000 	 2 	-4012 	16288 	-5104 	
";20121992;2;-3084;16464;-5192
"218524 	 0 	-3972 	16244 	-5172 	
";20148776;0;-3076;16484;-5076
"218524 	 1 	136 	15140 	-7132 	
";20148776;1;1028;0;-7144
"218524 	 2 	-3924 	16432 	-5156 	
";20148776;2;-3060;16552;-5056
"245116 	 0 	-3884 	16388 	-5112 	
";20175556;0;-3008;16516;-5196
"245116 	 1 	192 	15040 	-7856 	
";20175556;1;1024;0;-7160
"245116 	 2 	-3920 	16340 	-5084 	
";20175556;2;-3016;16508;-5148
"271712 	 0 	-3956 	16356 	-5196 	
";20202336;0;-2984;16572;-5104
"271712 	 1 	64 	14884 	-8060 	
";20202336;1;1096;16;-7548
"271712 	 2 	-3960 	16260 	-5192 	
";20202336;2;-3036;16540;-5108
"298252 	 0 	-4004 	16256 	-5232 	
";20229376;0;-3008;16512;-5156
"298252 	 1 	60 	14876 	-8192 	
";20229376;1;1064;100;-7624
"298252 	 2 	-4016 	16240 	-5212 	
";20229376;2;-3032;16432;-5148
"324796 	 0 	-3988 	16312 	-5284 	
";20256672;0;-3068;16512;-5140
"324796 	 1 	64 	15008 	-8152 	
";20256672;1;1048;32;-7160
"324796 	 2 	-3972 	16204 	-5100 	
";20256672;2;-3100;16436;-5100
"351324 	 0 	-3892 	16364 	-5072 	
";20283712;0;-3092;16488;-5076
"351324 	 1 	16 	52 	-7872 	
";20283712;1;1088;80;-7144
"351324 	 2 	-3772 	16376 	-4956 	
";20283712;2;-2948;16456;-5220
"377736 	 0 	-3816 	16436 	-5004 	
";20310756;0;-2980;16516;-5128
"377736 	 1 	16 	32 	-7144 	
";20310756;1;1032;12;-7520
"377736 	 2 	-3744 	16388 	-5000 	
";20310756;2;-3016;16460;-5152
"404152 	 0 	-3772 	16432 	-4980 	
";20337792;0;-3016;16548;-5120
"404152 	 1 	64 	14988 	-7072 	
";20337792;1;1040;0;-7544
"404152 	 2 	-3920 	16352 	-5168 	
";20337792;2;-3028;16484;-5200
"430708 	 0 	-3932 	16392 	-5272 	
";20364576;0;-2976;16492;-5180
"430708 	 1 	4 	15004 	-8048 	
";20364576;1;320;128;-7552
"430708 	 2 	-3944 	16304 	-5340 	
";20364576;2;-2988;16496;-5140
"457196 	 0 	-4040 	16240 	-5304 	
";20391612;0;-3036;16556;-5068
"457196 	 1 	0 	14848 	-7928 	
";20391612;1;1104;0;-7164
"457196 	 2 	-4052 	16188 	-5292 	
";20391612;2;-3008;16464;-5076
"483676 	 0 	-4108 	16228 	-5320 	
";20418396;0;-3032;16548;-5116
"483676 	 1 	8 	15024 	-7808 	
";20418396;1;1028;0;-7136
"483676 	 2 	-3956 	16256 	-5204 	
";20418396;2;-2992;16516;-5144
"510168 	 0 	-3856 	16340 	-5180 	
";20445176;0;-2980;16516;-5028
"510168 	 1 	40 	15048 	-7136 	
";20445176;1;1024;32;-7096
"510168 	 2 	-3856 	16376 	-5068 	
";20445176;2;-2988;16484;-5088
"536712 	 0 	-3876 	16404 	-5016 	
";20472212;0;-3044;16488;-5088
"536712 	 1 	16 	15056 	-7128 	
";20472212;1;1024;8;-7168
"536712 	 2 	-3976 	16344 	-4968 	
";20472212;2;-3044;16472;-5096
"563256 	 0 	-4048 	16272 	-5064 	
";20498996;0;-2968;16512;-5076
"563256 	 1 	8 	15008 	-7932 	
";20498996;1;1032;72;-7536
"563256 	 2 	-4032 	16308 	-5304 	
";20498996;2;-2980;16480;-5004
"589736 	 0 	-4044 	16328 	-5296 	
";20526036;0;-3008;16496;-5108
"589736 	 1 	36 	14856 	-8184 	
";20526036;1;1024;40;-7136
"589736 	 2 	-4016 	16280 	-5308 	
";20526036;2;-3032;16496;-5160
"616272 	 0 	-4060 	16268 	-5192 	
";20553072;0;-3020;16504;-5124
"616272 	 1 	20 	14936 	-7936 	
";20553072;1;1064;64;-7544
"616272 	 2 	-3976 	16332 	-5204 	
";20553072;2;-3020;16456;-5108
"642808 	 0 	-3852 	16312 	-5056 	
";20580116;0;-2980;16476;-5024
"642808 	 1 	96 	15044 	-7136 	
";20580116;1;1056;32;-7480
"642808 	 2 	-3880 	16344 	-4960 	
";20580116;2;-2980;16392;-5148
"669376 	 0 	-3908 	16340 	-4928 	
";20607156;0;-2952;16552;-5164
"669376 	 1 	40 	4 	-6992 	
";20607156;1;1056;32;-7648
"669376 	 2 	-3820 	16344 	-5060 	
";20607156;2;-2960;16532;-5088
"695716 	 0 	-3844 	16396 	-5020 	
";20634192;0;-3044;16504;-5124
"695716 	 1 	80 	15040 	-7144 	
";20634192;1;1032;48;-7160
"695716 	 2 	-4000 	16320 	-4972 	
";20634192;2;-2996;16484;-5200
"722248 	 0 	-4036 	16208 	-5052 	
";20661236;0;-3020;16424;-5092
"722248 	 1 	48 	14976 	-7152 	
";20661236;1;1024;40;-7592
"722248 	 2 	-4036 	16252 	-5204 	
";20661236;2;-3032;16480;-5108
"748796 	 0 	-4112 	16236 	-5160 	
";20688272;0;-3012;16480;-5120
"748796 	 1 	616 	14880 	-7904 	
";20688272;1;1032;4;-7136
"748796 	 2 	-4032 	16284 	-5220 	
";20688272;2;-3056;16488;-5064
"775396 	 0 	-4020 	16292 	-5220 	
";20715052;0;-2928;16516;-5112
"775396 	 1 	48 	15036 	-7868 	
";20715052;1;1024;0;-7132
"775396 	 2 	-4064 	16268 	-5068 	
";20715052;2;-3052;16492;-5148
"801948 	 0 	-3892 	16344 	-5088 	
";20741836;0;-3040;16492;-5064
"801948 	 1 	0 	14992 	-7036 	
";20741836;1;1072;4;-7488
"801948 	 2 	-4004 	16280 	-4976 	
";20741836;2;-2980;16496;-5112
"828432 	 0 	-4024 	16384 	-4996 	
";20768612;0;-2972;16476;-5016
"828432 	 1 	120 	15136 	-7168 	
";20768612;1;1024;0;-7552
"828432 	 2 	-4044 	16328 	-5232 	
";20768612;2;-2952;16480;-5116
"855024 	 0 	-3976 	16356 	-5168 	
";20795404;0;-3012;16544;-5092
"855024 	 1 	16 	14988 	-7156 	
";20795404;1;1044;8;-7136
"855024 	 2 	-3996 	16304 	-5132 	
";20795404;2;-3076;16420;-5108
"881584 	 0 	-4044 	16324 	-5240 	
";20822176;0;-3040;16540;-5100
"881584 	 1 	556 	14912 	-7800 	
";20822176;1;1096;104;-7536
"881584 	 2 	-4060 	16256 	-5152 	
";20822176;2;-2948;16476;-5128
"908164 	 0 	-4024 	16296 	-5108 	
";20849476;0;-2992;16540;-5128
"908164 	 1 	80 	14992 	-7996 	
";20849476;1;1024;32;-7152
"908164 	 2 	-3968 	16324 	-5048 	
";20849476;2;-2980;16512;-5052
"934708 	 0 	-4012 	16388 	-5120 	
";20876512;0;-3016;16480;-5112
"934708 	 1 	20 	14992 	-7932 	
";20876512;1;1140;0;-7552
"934708 	 2 	-3948 	16324 	-5116 	
";20876512;2;-3000;16496;-5100
"961268 	 0 	-3888 	16356 	-5060 	
";20903296;0;-3016;16516;-5176
"961268 	 1 	136 	14984 	-7136 	
";20903296;1;1024;24;-7548
"961268 	 2 	-3960 	16316 	-5028 	
";20903296;2;-3016;16484;-5120
"987872 	 0 	-3916 	16328 	-4988 	
";20930336;0;-2992;16468;-5128
"987872 	 1 	56 	15112 	-7024 	
";20930336;1;1028;0;-7168
"987872 	 2 	-3924 	16316 	-5084 	
";20930336;2;-3004;16500;-5136
"1014412 	 0 	-3976 	16332 	-4992 	
";20957112;0;-3008;16456;-5180
"1014412 	 1 	136 	14980 	-7092 	
";20957112;1;1028;24;-7168
"1014412 	 2 	-3892 	16356 	-5084 	
";20957112;2;-2992;16460;-5080
"1041148 	 0 	-3900 	16304 	-5084 	
";20984152;0;-2976;16512;-5056
"1041148 	 1 	16 	0 	-7892 	
";20984152;1;1056;64;-7168
"1041148 	 2 	-3976 	16352 	-5172 	
";209;;;;
"1067672 	 0 	-4020 	16340 	-5116 	
";;;;;
"1067672 	 1 	16 	14976 	-7136 	
";;;;;
"1067672 	 2 	-3996 	16204 	-5128 	
";;;;;
"1094364 	 0 	-4092 	16308 	-5176 	
";;;;;
"1094364 	 1 	44 	14888 	-7916 	
";;;;;
"1094364 	 2 	-4048 	16272 	-5096 	
";;;;;
"1121068 	 0 	-4036 	16296 	-5088 	
";;;;;
"1121068 	 1 	20 	14976 	-7160 	
";;;;;
"1121068 	 2 	-4036 	16316 	-5124 	
";;;;;
"1147756 	 0 	-4048 	16332 	-5040 	
";;;;;
"1147756 	 1 	4 	15072 	-7168 	
";;;;;
"1147756 	 2 	-3936 	16352 	-5164 	
";;;;;
"1174404 	 0 	-3916 	16328 	-5088 	
";;;;;
"1174404 	 1 	8 	15040 	-7856 	
";;;;;
"1174404 	 2 	-3932 	16412 	-5140 	
";;;;;
"1201056 	 0 	-3956 	16400 	-5060 	
";;;;;
"1201056 	 1 	80 	15104 	-7796 	
";;;;;
"1201056 	 2 	-4008 	16308 	-5100 	
";;;;;
"1227756 	 0 	-4012 	16320 	-5060 	
";;;;;
"1227756 	 1 	16 	14976 	-7164 	
";;;;;
"1227756 	 2 	-4004 	16256 	-5164 	
";;;;;
"1254460 	 0 	-3968 	16248 	-5184 	
";;;;;
"1254460 	 1 	72 	14928 	-7152 	
";;;;;
"1254460 	 2 	-4032 	16260 	-5120 	
";;;;;
"1281156 	 0 	-3984 	16280 	-5244 	
";;;;;
"1281156 	 1 	36 	15104 	-7072 	
";;;;;
"1281156 	 2 	-3988 	16356 	-5080 	
";;;;;
"1307852 	 0 	-3912 	16384 	-5048 	
";;;;;
"1307852 	 1 	228 	0 	-7164 	
";;;;;
"1307852 	 2 	-3900 	16460 	-5056 	
";;;;;
"1334416 	 0 	-3936 	16364 	-5040 	
";;;;;
"1334416 	 1 	148 	0 	-7152 	
";;;;;
"1334416 	 2 	-3928 	16260 	-5060 	
";;;;;
"1360964 	 0 	-4008 	16356 	-5088 	
";;;;;
"1360964 	 1 	80 	14948 	-7168 	
";;;;;
"1360964 	 2 	-4100 	16280 	-5140 	
";;;;;
"1387660 	 0 	-4128 	16164 	-5220 	
";;;;;
"1387660 	 1 	560 	14888 	-7936 	
";;;;;
"1387660 	 2 	-4040 	16208 	-5236 	
";;;;;
"1414388 	 0 	-4044 	16340 	-5276 	
";;;;;
"1414388 	 1 	0 	15072 	-7856 	
";;;;;
"1414388 	 2 	-3984 	16408 	-5140 	
";;;;;
"1441052 	 0 	-3884 	16440 	-5128 	
";;;;;
"1441052 	 1 	144 	24 	-7152 	
";;;;;
"1441052 	 2 	-3896 	16444 	-5140 	
";;;;;
"1467668 	 0 	-3892 	16392 	-5012 	
";;;;;
"1467668 	 1 	0 	15052 	-7072 	
";;;;;
"1467668 	 2 	-3872 	16316 	-5060 	
";;;;;
"1494340 	 0 	-3960 	16256 	-5076 	
";;;;;
"1494340 	 1 	108 	14848 	-7168 	
";;;;;
"1494340 	 2 	-4024 	16244 	-5196 	
";;;;;
"1521080 	 0 	-4068 	16292 	-5212 	
";;;;;
"1521080 	 1 	0 	15008 	-7856 	
";;;;;
"1521080 	 2 	-4080 	16284 	-5264 	
";;;;;
"1547728 	 0 	-4040 	16328 	-5212 	
";;;;;
"1547728 	 1 	12 	14976 	-7936 	
";;;;;
"1547728 	 2 	-3980 	16252 	-5072 	
";;;;;
"1574424 	 0 	-3948 	16312 	-5092 	
";;;;;
"1574424 	 1 	32 	15040 	-7824 	
";;;;;
"1574424 	 2 	-3872 	16380 	-4936 	
";;;;;
"1601124 	 0 	-3940 	16412 	-5016 	
";;;;;
"1601124 	 1 	4 	15028 	-7136 	
";;;;;
"1601124 	 2 	-3880 	16308 	-5124 	
";;;;;
"1627764 	 0 	-3972 	16424 	-5064 	
";;;;;
"1627764 	 1 	96 	0 	-7040 	
";;;;;
"1627764 	 2 	-3976 	16268 	-5164 	
";;;;;
"1654280 	 0 	-4040 	16336 	-5196 	
";;;;;
"1654280 	 1 	68 	14976 	-8000 	
";;;;;
"1654280 	 2 	-4004 	16268 	-5152 	
";;;;;
"1680972 	 0 	-4100 	16304 	-5236 	
";;;;;
"1680972 	 1 	64 	14944 	-7936 	
";;;;;
"1680972 	 2 	-3956 	16304 	-5088 	
";;;;;
"1707668 	 0 	-4000 	16288 	-5104 	
";;;;;
"1707668 	 1 	4 	15140 	-7112 	
";;;;;
"1707668 	 2 	-3944 	16320 	-5040 	
";;;;;
"1734312 	 0 	-3860 	16332 	-5160 	
";;;;;
"1734312 	 1 	0 	15000 	-7056 	
";;;;;
"1734312 	 2 	-4000 	16364 	-5072 	
";;;;;
"1760960 	 0 	-3888 	16340 	-5028 	
";;;;;
"1760960 	 1 	4 	15008 	-7772 	
";;;;;
"1760960 	 2 	-3976 	16260 	-5092 	
";;;;;
"1787604 	 0 	-3908 	16284 	-5120 	
";;;;;
"1787604 	 1 	100 	14984 	-7088 	
";;;;;
"1787604 	 2 	-3912 	16304 	-5004 	
";;;;;
"1814336 	 0 	-3952 	16292 	-5148 	
";;;;;
"1814336 	 1 	4 	15136 	-8004 	
";;;;;
"1814336 	 2 	-3996 	16368 	-5136 	
";;;;;
"1840992 	 0 	-3952 	16376 	-5160 	
";;;;;
"1840992 	 1 	56 	15020 	-7996 	
";;;;;
"1840992 	 2 	-3876 	16456 	-5184 	
";;;;;
"1867676 	 0 	-3856 	16456 	-5080 	
";;;;;
"1867676 	 1 	80 	0 	-7884 	
";;;;;
"1867676 	 2 	-3928 	16304 	-5148 	
";;;;;
"1894192 	 0 	-3980 	16272 	-5164 	
";;;;;
"1894192 	 1 	8 	14964 	-7164 	
";;;;;
"1894192 	 2 	-4012 	16224 	-5172 	
";;;;;
"1920848 	 0 	-4004 	16260 	-5136 	
";;;;;
"1920848 	 1 	16 	15108 	-7132 	
";;;;;
"1920848 	 2 	-3912 	16412 	-5216 	
";;;;;
"1947552 	 0 	-3924 	16356 	-5116 	
";;;;;
"1947552 	 1 	168 	28 	-7152 	
";;;;;
"1947552 	 2 	-3956 	16404 	-5220 	
";;;;;
"1974160 	 0 	-3996 	16388 	-5244 	
";;;;;
"1974160 	 1 	40 	14980 	-8156 	
";;;;;
"1974160 	 2 	-3980 	16308 	-5220 	
";;;;;
"2000868 	 0 	-3992 	16336 	-5184 	
";;;;;
"2000868 	 1 	4 	14976 	-8048 	
";;;;;
"2000868 	 2 	-4100 	16216 	-5052 	
";;;;;
"2027516 	 0 	-3968 	16252 	-5204 	
";;;;;
"2027516 	 1 	0 	14848 	-7836 	
";;;;;
"2027516 	 2 	-4020 	16212 	-4964 	
";;;;;
"2054192 	 0 	-3948 	16328 	-5052 	
";;;;;
"2054192 	 1 	0 	15120 	-7008 	
";;;;;
"2054192 	 2 	-3868 	16272 	-4956 	
";;;;;
"2080840 	 0 	-3888 	16380 	-5020 	
";;;;;
"2080840 	 1 	8 	15040 	-7104 	
";;;;;
"2080840 	 2 	-3912 	16408 	-5060 	
";;;;;
"2107488 	 0 	-3920 	16408 	-4976 	
";;;;;
"2107488 	 1 	0 	14976 	-7840 	
";;;;;
"2107488 	 2 	-3996 	16356 	-5132 	
";;;;;
"2134136 	 0 	-4040 	16360 	-5156 	
";;;;;
"2134136 	 1 	740 	14976 	-7772 	
";;;;;
"2134136 	 2 	-4104 	16216 	-5208 	
";;;;;
"2160872 	 0 	-4112 	16288 	-5152 	
";;;;;
"2160872 	 1 	528 	15136 	-7664 	
";;;;;
"2160872 	 2 	-4116 	16252 	-5184 	
";;;;;
"2187608 	 0 	-4064 	16232 	-5116 	
";;;;;
"2187608 	 1 	64 	15136 	-7060 	
";;;;;
"2187608 	 2 	-4044 	16320 	-5124 	
";;;;;
"2214320 	 0 	-4004 	16392 	-5052 	
";;;;;
"2214320 	 1 	76 	15080 	-7136 	
";;;;;
"2214320 	 2 	-3976 	16360 	-5088 	
";;;;;
"2241016 	 0 	-4120 	16316 	-5048 	
";;;;;
"2241016 	 1 	72 	14980 	-7148 	
";;;;;
"2241016 	 2 	-4040 	16344 	-5204 	
";;;;;
"2267712 	 0 	-4072 	16208 	-5240 	
";;;;;
"2267712 	 1 	4 	14884 	-7904 	
";;;;;
"2267712 	 2 	-4092 	16228 	-5292 	
";;;;;
"2294348 	 0 	-4120 	16260 	-5244 	
";;;;;
"2294348 	 1 	32 	14976 	-7152 	
";;;;;
"2294348 	 2 	-3984 	16292 	-5168 	
";;;;;
"2321040 	 0 	-4000 	16340 	-5200 	
";;;;;
"2321040 	 1 	0 	14888 	-7168 	
";;;;;
"2321040 	 2 	-3864 	16348 	-5024 	
";;;;;
"2347688 	 0 	-3872 	16408 	-5084 	
";;;;;
"2347688 	 1 	4 	32 	-7040 	
";;;;;
"2347688 	 2 	-3780 	16380 	-4984 	
";;;;;
"2374196 	 0 	-3792 	16344 	-4928 	
";;;;;
"2374196 	 1 	76 	15020 	-7040 	
";;;;;
"2374196 	 2 	-3804 	16368 	-5000 	
";;;;;
"2400900 	 0 	-3888 	16384 	-5044 	
";;;;;
"2400900 	 1 	128 	0 	-7104 	
";;;;;
"2400900 	 2 	-3892 	16396 	-5192 	
";;;;;
"2427452 	 0 	-3884 	16352 	-5104 	
";;;;;
"2427452 	 1 	8 	15072 	-7136 	
";;;;;
"2427452 	 2 	-3928 	16336 	-5140 	
";;;;;
"2454104 	 0 	-3900 	16268 	-5056 	
";;;;;
"2454104 	 1 	32 	15024 	-7168 	
";;;;;
"2454104 	 2 	-3992 	16324 	-5060 	
";;;;;
"2480804 	 0 	-3956 	16280 	-5124 	
";;;;;
"2480804 	 1 	32 	14996 	-7152 	
";;;;;
"2480804 	 2 	-3960 	16252 	-5124 	
";;;;;
"2507500 	 0 	-3936 	16304 	-5184 	
";;;;;
"2507500 	 1 	0 	14984 	-7924 	
";;;;;
"2507500 	 2 	-3988 	16312 	-5092 	
";;;;;
"2534156 	 0 	-4020 	16276 	-5220 	
";;;;;
"2534156 	 1 	4 	15104 	-7928 	
";;;;;
"2534156 	 2 	-4076 	16208 	-5244 	
";;;;;
"2560816 	 0 	-4084 	16272 	-5160 	
";;;;;
"2560816 	 1 	52 	15108 	-7912 	
";;;;;
"2560816 	 2 	-4032 	16272 	-5188 	
";;;;;
"2587504 	 0 	-3980 	16316 	-5156 	
";;;;;
"2587504 	 1 	4 	15136 	-7164 	
";;;;;
"2587504 	 2 	-4044 	16356 	-5196 	
";;;;;
"2614144 	 0 	-3940 	16388 	-5104 	
";;;;;
"2614144 	 1 	136 	15060 	-7108 	
";;;;;
"2614144 	 2 	-3884 	16408 	-5096 	
";;;;;
"2640880 	 0 	-3924 	16388 	-5028 	
";;;;;
"2640880 	 1 	132 	15000 	-7128 	
";;;;;
"2640880 	 2 	-3876 	16332 	-4904 	
";;;;;
"2667628 	 0 	-3972 	16336 	-4984 	
";;;;;
"2667628 	 1 	140 	14888 	-7104 	
";;;;;
"2667628 	 2 	-4012 	16264 	-4952 	
";;;;;
"2694396 	 0 	-4100 	16244 	-5124 	
";;;;;
"2694396 	 1 	0 	14984 	-7104 	
";;;;;
"2694396 	 2 	-4020 	16264 	-5076 	
";;;;;
"2721080 	 0 	-3992 	16268 	-5088 	
";;;;;
"2721080 	 1 	0 	15192 	-7168 	
";;;;;
"2721080 	 2 	-4020 	16356 	-5112 	
";;;;;
"2747720 	 0 	-3952 	16372 	-5136 	
";;;;;
"2747720 	 1 	164 	15040 	-7152 	
";;;;;
"2747720 	 2 	-3912 	16384 	-4992 	
";;;;;
"2774468 	 0 	-3892 	16364 	-5064 	
";;;;;
"2774468 	 1 	8 	14976 	-7164 	
";;;;;
"2774468 	 2 	-4068 	16324 	-5124 	
";;;;;
"2801108 	 0 	-4036 	16236 	-5128 	
";;;;;
"2801108 	 1 	0 	14848 	-7100 	
";;;;;
"2801108 	 2 	-4128 	16192 	-5164 	
";;;;;
"2827744 	 0 	-4052 	16152 	-5112 	
";;;;;
"2827744 	 1 	16 	14852 	-7808 	
";;;;;
"2827744 	 2 	-4048 	16260 	-5212 	
";;;;;
"2854440 	 0 	-4092 	16280 	-5176 	
";;;;;
"2854440 	 1 	64 	15072 	-7908 	
";;;;;
"2854440 	 2 	-3932 	16372 	-5320 	
";;;;;
"2881140 	 0 	-3976 	16424 	-5144 	
";;;;;
"2881140 	 1 	0 	14976 	-7168 	
";;;;;
"2881140 	 2 	-3940 	16324 	-4984 	
";;;;;
"2907788 	 0 	-3904 	16296 	-4924 	
";;;;;
"2907788 	 1 	96 	14992 	-7168 	
";;;;;
"2907788 	 2 	-3904 	16340 	-5024 	
";;;;;
"2934500 	 0 	-3912 	16280 	-5032 	
";;;;;
"2934500 	 1 	8 	15172 	-7160 	
";;;;;
"2934500 	 2 	-3920 	16336 	-5216 	
";;;;;
"2961148 	 0 	-3992 	16288 	-5116 	
";;;;;
"2961148 	 1 	96 	15076 	-7936 	
";;;;;
"2961148 	 2 	-3964 	16380 	-5168 	
";;;;;
"2987852 	 0 	-3948 	16404 	-5148 	
";;;;;
"2987852 	 1 	160 	14980 	-7136 	
";;;;;
"2987852 	 2 	-3944 	16328 	-5124 	
";;;;;
"3014588 	 0 	-3996 	16320 	-5096 	
";;;;;
"3014588 	 1 	128 	14984 	-7164 	
";;;;;
"3014588 	 2 	-4016 	16196 	-5068 	
";;;;;
"3041348 	 0 	-4028 	16172 	-5080 	
";;;;;
"3041348 	 1 	12 	14988 	-7808 	
";;;;;
"3041348 	 2 	-4076 	16312 	-5116 	
";;;;;
"3068060 	 0 	-4008 	16376 	-5108 	
";;;;;
"3068060 	 1 	64 	15088 	-7904 	
";;;;;
"3068060 	 2 	-3988 	16348 	-5180 	
";;;;;
"3094756 	 0 	-3948 	16360 	-5224 	
";;;;;
"3094756 	 1 	0 	14992 	-7152 	
";;;;;
"3094756 	 2 	-4040 	16384 	-5096 	
";;;;;
"3121412 	 0 	-4000 	16328 	-5152 	
";;;;;
"3121412 	 1 	16 	14976 	-7160 	
";;;;;
"3121412 	 2 	-3972 	16300 	-4988 	
";;;;;
"3148104 	 0 	-3992 	16340 	-5028 	
";;;;;
"3148104 	 1 	36 	14928 	-7096 	
";;;;;
"3148104 	 2 	-4056 	16296 	-5100 	
";;;;;
"3174804 	 0 	-4052 	16348 	-5104 	
";;;;;
"3174804 	 1 	20 	15116 	-7796 	
";;;;;
"3174804 	 2 	-4036 	16292 	-5132 	
";;;;;
"3201500 	 0 	-4016 	16364 	-5104 	
";;;;;
"3201500 	 1 	80 	15048 	-7860 	
";;;;;
"3201500 	 2 	-4040 	16272 	-5060 	
";;;;;
"3228184 	 0 	-4008 	16324 	-5124 	
";;;;;
"3228184 	 1 	0 	14984 	-7164 	
";;;;;
"3228184 	 2 	-4044 	16304 	-5136 	
";;;;;
"3254824 	 0 	-4056 	16324 	-5156 	
";;;;;
"3254824 	 1 	0 	15140 	-7112 	
";;;;;
"3254824 	 2 	-4092 	16268 	-5176 	
";;;;;
"3281468 	 0 	-4004 	16272 	-5144 	
";;;;;
"3281468 	 1 	68 	14976 	-7152 	
";;;;;
"3281468 	 2 	-4000 	16356 	-5024 	
";;;;;
"3308160 	 0 	-3948 	16344 	-4980 	
";;;;;
"3308160 	 1 	128 	14932 	-7152 	
";;;;;
"3308160 	 2 	-4080 	16364 	-5072 	
";;;;;
"3334896 	 0 	-3952 	16384 	-5152 	
";;;;;
"3334896 	 1 	16 	14976 	-7072 	
";;;;;
"3334896 	 2 	-4004 	16308 	-5056 	
";;;;;
"3361584 	 0 	-4048 	16316 	-5148 	
";;;;;
"3361584 	 1 	4 	15076 	-7168 	
";;;;;
"3361584 	 2 	-4020 	16392 	-5124 	
";;;;;
"3388240 	 0 	-4016 	16352 	-5256 	
";;;;;
"3388240 	 1 	20 	15044 	-7104 	
";;;;;
"3388240 	 2 	-3996 	16344 	-5096 	
";;;;;
"3414948 	 0 	-3984 	16376 	-5068 	
";;;;;
"3414948 	 1 	132 	14996 	-7168 	
";;;;;
"3414948 	 2 	-4036 	16268 	-5024 	
";;;;;
"3441704 	 0 	-3960 	16332 	-5060 	
";;;;;
"3441704 	 1 	88 	14880 	-7100 	
";;;;;
"3441704 	 2 	-4112 	16232 	-4984 	
";;;;;
"3468408 	 0 	-4076 	16244 	-4960 	
";;;;;
"3468408 	 1 	40 	14944 	-7164 	
";;;;;
"3468408 	 2 	-4008 	16292 	-5204 	
";;;;;
"3495104 	 0 	-4024 	16352 	-5112 	
";;;;;
"3495104 	 1 	72 	15072 	-7784 	
";;;;;
"3495104 	 2 	-4072 	16364 	-5244 	
";;;;;
"3521800 	 0 	-4004 	16348 	-5024 	
";;;;;
"3521800 	 1 	96 	14976 	-7160 	
";;;;;
"3521800 	 2 	-4004 	16272 	-4992 	
";;;;;
"3548496 	 0 	-4044 	16252 	-5064 	
";;;;;
"3548496 	 1 	592 	14944 	-7104 	
";;;;;
"3548496 	 2 	-4120 	16256 	-5036 	
";;;;;
"3575236 	 0 	-4040 	16220 	-5076 	
";;;;;
"3575236 	 1 	32 	15108 	-7788 	
";;;;;
"3575236 	 2 	-4004 	16312 	-5184 	
";;;;;
"3601940 	 0 	-4028 	16388 	-5100 	
";;;;;
"3601940 	 1 	0 	14980 	-7892 	
";;;;;
"3601940 	 2 	-4048 	16296 	-5240 	
";;;;;
"3628592 	 0 	-4008 	16308 	-5148 	
";;;;;
"3628592 	 1 	64 	15008 	-7840 	
";;;;;
"3628592 	 2 	-3976 	16252 	-5180 	
";;;;;
"3655288 	 0 	-4044 	16296 	-5080 	
";;;;;
"3655288 	 1 	104 	14984 	-7164 	
";;;;;
"3655288 	 2 	-3976 	16336 	-5168 	
";;;;;
"3682032 	 0 	-4016 	16372 	-5104 	
";;;;;
"3682032 	 1 	40 	14984 	-8000 	
";;;;;
"3682032 	 2 	-3952 	16308 	-5124 	
";;;;;
"3708732 	 0 	-4028 	16316 	-5168 	
";;;;;
"3708732 	 1 	4 	14980 	-7148 	
";;;;;
"3708732 	 2 	-4072 	16276 	-5072 	
";;;;;
"3735392 	 0 	-3904 	16372 	-5064 	
";;;;;
"3735392 	 1 	192 	15112 	-7136 	
";;;;;
"3735392 	 2 	-3964 	16344 	-5124 	
";;;;;
"3762152 	 0 	-3992 	16316 	-5104 	
";;;;;
"3762152 	 1 	128 	0 	-7968 	
";;;;;
"3762152 	 2 	-3836 	16300 	-5160 	
";;;;;
"3788712 	 0 	-3968 	16488 	-5020 	
";;;;;
"3788712 	 1 	12 	0 	-7168 	
";;;;;
"3788712 	 2 	-3900 	16392 	-5040 	
";;;;;
"3815236 	 0 	-3916 	16400 	-5144 	
";;;;;
"3815236 	 1 	72 	14892 	-7156 	
";;;;;
"3815236 	 2 	-4056 	16268 	-5084 	
";;;;;
"3841932 	 0 	-4076 	16236 	-5032 	
";;;;;
"3841932 	 1 	4 	15108 	-7912 	
";;;;;
"3841932 	 2 	-4028 	16256 	-5136 	
";;;;;
"3868576 	 0 	-4080 	16216 	-5072 	
";;;;;
"3868576 	 1 	48 	15040 	-8056 	
";;;;;
"3868576 	 2 	-3992 	16336 	-5204 	
";;;;;
"3895284 	 0 	-3920 	16336 	-5124 	
";;;;;
"3895284 	 1 	152 	32 	-7152 	
";;;;;
"3895284 	 2 	-3904 	16388 	-5084 	
";;;;;
"3921908 	 0 	-3992 	16408 	-5140 	
";;;;;
"3921908 	 1 	136 	14880 	-7168 	
";;;;;
"3921908 	 2 	-3976 	16420 	-5076 	
";;;;;
"3948676 	 0 	-3988 	16312 	-5104 	
";;;;;
"3948676 	 1 	0 	14848 	-7104 	
";;;;;
"3948676 	 2 	-4048 	16252 	-4996 	
";;;;;
"3975332 	 0 	-4060 	16260 	-5076 	
";;;;;
"3975332 	 1 	8 	14888 	-7680 	
";;;;;
"3975332 	 2 	-3956 	16268 	-5124 	
";;;;;
"4001980 	 0 	-3948 	16360 	-5212 	
";;;;;
"4001980 	 1 	0 	15064 	-7776 	
";;;;;
"4001980 	 2 	-3928 	16316 	-5132 	
";;;;;
"4028628 	 0 	-3936 	16452 	-4940 	
";;;;;
"4028628 	 1 	8 	15008 	-7168 	
";;;;;
"4028628 	 2 	-3968 	16412 	-5028 	
";;;;;
"4055276 	 0 	-3972 	16356 	-5148 	
";;;;;
"4055276 	 1 	0 	14976 	-7164 	
";;;;;
"4055276 	 2 	-3960 	16260 	-5004 	
";;;;;
"4081932 	 0 	-3956 	16348 	-5136 	
";;;;;
"4081932 	 1 	144 	15136 	-7864 	
";;;;;
"4081932 	 2 	-3972 	16392 	-5164 	
";;;;;
"4108680 	 0 	-3904 	16364 	-5232 	
";;;;;
"4108680 	 1 	128 	15104 	-7168 	
";;;;;
"4108680 	 2 	-3968 	16440 	-5164 	
";;;;;
"4135432 	 0 	-3968 	16356 	-5152 	
";;;;;
"4135432 	 1 	112 	14920 	-7168 	
";;;;;
"4135432 	 2 	-3948 	16368 	-5084 	
";;;;;
"4162196 	 0 	-3956 	16328 	-5152 	
";;;;;
"4162196 	 1 	128 	14800 	-7156 	
";;;;;
"4162196 	 2 	-4040 	16220 	-5128 	
";;;;;
"4188948 	 0 	-4000 	16272 	-5212 	
";;;;;
"4188948 	 1 	16 	15040 	-8000 	
";;;;;
"4188948 	 2 	-3952 	16308 	-5272 	
";;;;;
"4215660 	 0 	-3988 	16336 	-5212 	
";;;;;
"4215660 	 1 	148 	14980 	-7888 	
";;;;;
"4215660 	 2 	-3932 	16328 	-5128 	
";;;;;
"4242424 	 0 	-3924 	16328 	-4944 	
";;;;;
"4242424 	 1 	72 	14976 	-7168 	
";;;;;
"4242424 	 2 	-3868 	16376 	-4988 	
";;;;;
"4269124 	 0 	-3856 	16396 	-4940 	
";;;;;
"4269124 	 1 	132 	14932 	-7152 	
";;;;;
"4269124 	 2 	-3864 	16392 	-5004 	
";;;;;
"4295864 	 0 	-3868 	16404 	-5104 	
";;;;;
"4295864 	 1 	76 	15112 	-7152 	
";;;;;
"4295864 	 2 	-3964 	16328 	-5044 	
";;;;;
"4322572 	 0 	-3928 	16312 	-5188 	
";;;;;
"4322572 	 1 	140 	15008 	-7932 	
";;;;;
"4322572 	 2 	-3948 	16328 	-5156 	
";;;;;
"4349356 	 0 	-4016 	16352 	-5176 	
";;;;;
"4349356 	 1 	20 	14996 	-7964 	
";;;;;
"4349356 	 2 	-4004 	16320 	-5148 	
";;;;;
"4376052 	 0 	-3996 	16284 	-5060 	
";;;;;
"4376052 	 1 	64 	14976 	-7924 	
";;;;;
"4376052 	 2 	-3928 	16364 	-5128 	
";;;;;
"4402748 	 0 	-3980 	16356 	-5196 	
";;;;;
"4402748 	 1 	0 	15120 	-7920 	
";;;;;
"4402748 	 2 	-4028 	16304 	-5184 	
";;;;;
"4429408 	 0 	-3940 	16348 	-5168 	
";;;;;
"4429408 	 1 	56 	15032 	-7168 	
";;;;;
"4429408 	 2 	-3964 	16252 	-5152 	
";;;;;
"4456096 	 0 	-3992 	16288 	-5164 	
";;;;;
"4456096 	 1 	0 	15104 	-7164 	
";;;;;
"4456096 	 2 	-4072 	16236 	-5084 	
";;;;;
"4482744 	 0 	-3984 	16328 	-5108 	
";;;;;
"4482744 	 1 	8 	14984 	-8000 	
";;;;;
"4482744 	 2 	-3892 	16312 	-5136 	
";;;;;
"4509408 	 0 	-3928 	16368 	-5080 	
";;;;;
"4509408 	 1 	148 	15044 	-7160 	
";;;;;
"4509408 	 2 	-3832 	16328 	-5156 	
";;;;;
"4536140 	 0 	-3884 	16388 	-5076 	
";;;;;
"4536140 	 1 	68 	15016 	-7044 	
";;;;;
"4536140 	 2 	-3960 	16344 	-5076 	
";;;;;
"4562852 	 0 	-3968 	16292 	-5128 	
";;;;;
"4562852 	 1 	12 	14980 	-7120 	
";;;;;
"4562852 	 2 	-3956 	16232 	-4988 	
";;;;;
"4589548 	 0 	-3964 	16352 	-5076 	
";;;;;
"4589548 	 1 	4 	14848 	-7992 	
";;;;;
"4589548 	 2 	-4060 	16240 	-5052 	
";;;;;
"4616220 	 0 	-3964 	16288 	-5180 	
";;;;;
"4616220 	 1 	76 	14912 	-7152 	
";;;;;
"4616220 	 2 	-4052 	16228 	-5128 	
";;;;;
"4642916 	 0 	-3968 	16344 	-5104 	
";;;;;
"4642916 	 1 	8 	4 	-7168 	
";;;;;
"4642916 	 2 	-4000 	16388 	-5228 	
";;;;;
"4669392 	 0 	-3944 	16376 	-5084 	
";;;;;
"4669392 	 1 	64 	8 	-7160 	
";;;;;
"4669392 	 2 	-3832 	16360 	-5052 	
";;;;;
"4695928 	 0 	-3904 	16416 	-5104 	
";;;;;
"4695928 	 1 	32 	14976 	-7072 	
";;;;;
"4695928 	 2 	-3912 	16388 	-5092 	
";;;;;
"4722636 	 0 	-3976 	16232 	-5108 	
";;;;;
"4722636 	 1 	64 	15064 	-7932 	
";;;;;
"4722636 	 2 	-4048 	16252 	-5108 	
";;;;;
"4749344 	 0 	-4076 	16276 	-5172 	
";;;;;
"4749344 	 1 	8 	15128 	-7920 	
";;;;;
"4749344 	 2 	-3972 	16328 	-5156 	
";;;;;
"4775992 	 0 	-3992 	16280 	-5256 	
";;;;;
"4775992 	 1 	96 	14980 	-8064 	
";;;;;
"4775992 	 2 	-3960 	16272 	-5204 	
";;;;;
"4802688 	 0 	-4012 	16276 	-5168 	
";;;;;
"4802688 	 1 	0 	14868 	-7168 	
";;;;;
"4802688 	 2 	-3904 	16316 	-5104 	
";;;;;
"4829328 	 0 	-4004 	16304 	-5116 	
";;;;;
"4829328 	 1 	8 	14880 	-7168 	
";;;;;
"4829328 	 2 	-3920 	16320 	-5068 	
";;;;;
"4855980 	 0 	-3952 	16336 	-5236 	
";;;;;
"4855980 	 1 	136 	14980 	-7144 	
";;;;;
"4855980 	 2 	-3908 	16324 	-5188 	
";;;;;
"4882712 	 0 	-3852 	16288 	-5136 	
";;;;;
"4882712 	 1 	128 	15052 	-7032 	
";;;;;
"4882712 	 2 	-3884 	16296 	-5008 	
";;;;;
"4909476 	 0 	-3808 	16404 	-5028 	
";;;;;
"4909476 	 1 	72 	0 	-7088 	
";;;;;
"4909476 	 2 	-3820 	16372 	-5084 	
";;;;;
"4936004 	 0 	-3840 	16352 	-5052 	
";;;;;
"4936004 	 1 	16 	14912 	-6992 	
";;;;;
"4936004 	 2 	-3844 	16340 	-5048 	
";;;;;
"4962700 	 0 	-3872 	16340 	-5012 	
";;;;;
"4962700 	 1 	8 	14856 	-8140 	
";;;;;
"4962700 	 2 	-3992 	16268 	-5268 	
";;;;;
"4989348 	 0 	-4052 	16280 	-5104 	
";;;;;
"4989348 	 1 	32 	14864 	-8048 	
";;;;;
"4989348 	 2 	-3984 	16264 	-5300 	
";;;;;
"5016044 	 0 	-3992 	16332 	-5120 	
";;;;;
"5016044 	 1 	96 	14984 	-7892 	
";;;;;
"5016044 	 2 	-3972 	16276 	-5176 	
";;;;;
"5042748 	 0 	-4056 	16380 	-5084 	
";;;;;
"5042748 	 1 	8 	15076 	-7840 	
";;;;;
"5042748 	 2 	-3892 	16360 	-5028 	
";;;;;
"5069400 	 0 	-3940 	16384 	-5080 	
";;;;;
"5069400 	 1 	4 	15140 	-7160 	
";;;;;
"5069400 	 2 	-3952 	16420 	-5104 	
";;;;;
"5096060 	 0 	-3904 	16332 	-5160 	
";;;;;
"5096060 	 1 	84 	14976 	-7792 	
";;;;;
"5096060 	 2 	-3876 	16316 	-5076 	
";;;;;
"5122756 	 0 	-3952 	16276 	-5064 	
";;;;;
"5122756 	 1 	64 	14912 	-8064 	
";;;;;
"5122756 	 2 	-4028 	16180 	-5152 	
";;;;;
"5149452 	 0 	-3960 	16228 	-5368 	
";;;;;
"5149452 	 1 	36 	14928 	-7920 	
";;;;;
"5149452 	 2 	-4048 	16280 	-5216 	
";;;;;
"5176160 	 0 	-4008 	16268 	-5160 	
";;;;;
"5176160 	 1 	168 	15052 	-7164 	
";;;;;
"5176160 	 2 	-3908 	16372 	-5168 	
";;;;;
"5202888 	 0 	-3896 	16464 	-5252 	
";;;;;
"5202888 	 1 	16 	36 	-7160 	
";;;;;
"5202888 	 2 	-3872 	16328 	-5060 	
";;;;;
"5229488 	 0 	-3860 	16328 	-5024 	
";;;;;
"5229488 	 1 	176 	14988 	-7036 	
";;;;;
"5229488 	 2 	-3872 	16284 	-5024 	
";;;;;
"5256248 	 0 	-3884 	16292 	-5104 	
";;;;;
"5256248 	 1 	24 	15008 	-7164 	
";;;;;
"5256248 	 2 	-3940 	16180 	-5140 	
";;;;;
"5282956 	 0 	-3964 	16280 	-5196 	
";;;;;
"5282956 	 1 	68 	14980 	-7928 	
";;;;;
"5282956 	 2 	-3956 	16400 	-5204 	
";;;;;
"5309656 	 0 	-3940 	16380 	-5188 	
";;;;;
"5309656 	 1 	16 	0 	-7156 	
";;;;;
"5309656 	 2 	-3816 	16380 	-5144 	
";;;;;
"5336172 	 0 	-3884 	16300 	-5128 	
";;;;;
"5336172 	 1 	152 	14984 	-7132 	
";;;;;
"5336172 	 2 	-3932 	16304 	-5048 	
";;;;;
"5362900 	 0 	-3952 	16312 	-5068 	
";;;;;
"5362900 	 1 	32 	14992 	-7168 	
";;;;;
"5362900 	 2 	-3972 	16292 	-5060 	
";;;;;
"5389608 	 0 	-3956 	16232 	-5152 	
";;;;;
"5389608 	 1 	152 	15152 	-7728 	
";;;;;
"5389608 	 2 	-3932 	16340 	-5192 	
";;;;;
"5416352 	 0 	-3948 	16352 	-5140 	
";;;;;
"5416352 	 1 	0 	14992 	-7164 	
";;;;;
"5416352 	 2 	-4044 	16316 	-5192 	
";;;;;
"5443000 	 0 	-4012 	16324 	-5076 	
";;;;;
"5443000 	 1 	12 	14880 	-8064 	
";;;;;
"5443000 	 2 	-3984 	16336 	-5120 	
";;;;;
"5469696 	 0 	-3984 	16372 	-5204 	
";;;;;
"5469696 	 1 	64 	14916 	-7168 	
";;;;;
"5469696 	 2 	-3936 	16300 	-5140 	
";;;;;
"5496388 	 0 	-4024 	16348 	-5264 	
";;;;;
"5496388 	 1 	132 	15104 	-7840 	
";;;;;
"5496388 	 2 	-3872 	16308 	-4984 	
";;;;;
"5523132 	 0 	-3940 	16364 	-5196 	
";;;;;
"5523132 	 1 	20 	15156 	-7104 	
";;;;;
"5523132 	 2 	-3888 	16404 	-5056 	
";;;;;
"5549832 	 0 	-3840 	16440 	-4996 	
";;;;;
"5549832 	 1 	32 	0 	-7088 	
";;;;;
"5549832 	 2 	-3892 	16384 	-5112 	
";;;;;
"5576360 	 0 	-3896 	16360 	-4892 	
";;;;;
"5576360 	 1 	64 	16 	-7124 	
";;;;;
"5576360 	 2 	-3920 	16308 	-4992 	
";;;;;
"5602908 	 0 	-3992 	16284 	-5120 	
";;;;;
"5602908 	 1 	160 	15040 	-7920 	
";;;;;
"5602908 	 2 	-3972 	16344 	-5120 	
";;;;;
"5629692 	 0 	-3984 	16332 	-5200 	
";;;;;
"5629692 	 1 	160 	15000 	-7168 	
";;;;;
"5629692 	 2 	-3988 	16308 	-5128 	
";;;;;
"5656432 	 0 	-3980 	16276 	-5172 	
";;;;;
"5656432 	 1 	0 	15008 	-7136 	
";;;;;
"5656432 	 2 	-3956 	16332 	-5148 	
";;;;;
"5683072 	 0 	-4008 	16296 	-4936 	
";;;;;
"5683072 	 1 	0 	14916 	-7936 	
";;;;;
"5683072 	 2 	-3932 	16304 	-5200 	
";;;;;
"5709736 	 0 	-3960 	16304 	-5172 	
";;;;;
"5709736 	 1 	32 	15016 	-8032 	
";;;;;
"5709736 	 2 	-4008 	16312 	-5196 	
";;;;;
"5736440 	 0 	-3988 	16316 	-5172 	
";;;;;
"5736440 	 1 	4 	15104 	-7808 	
";;;;;
"5736440 	 2 	-3988 	16344 	-5240 	
";;;;;
"5763120 	 0 	-3936 	16276 	-5060 	
";;;;;
"5763120 	 1 	88 	14868 	-7168 	
";;;;;
"5763120 	 2 	-3864 	16380 	-5104 	
";;;;;
"5789816 	 0 	-3860 	16284 	-4984 	
";;;;;
"5789816 	 1 	200 	14976 	-7952 	
";;;;;
"5789816 	 2 	-3888 	16316 	-5112 	
";;;;;
"5816544 	 0 	-3868 	16396 	-5092 	
";;;;;
"5816544 	 1 	0 	14984 	-7152 	
";;;;;
"5816544 	 2 	-3876 	16368 	-5216 	
";;;;;
"5843212 	 0 	-3944 	16352 	-5088 	
";;;;;
"5843212 	 1 	0 	14980 	-8064 	
";;;;;
"5843212 	 2 	-3940 	16332 	-5176 	
";;;;;
"5869876 	 0 	-3936 	16308 	-5128 	
";;;;;
"5869876 	 1 	136 	15016 	-8064 	
";;;;;
"5869876 	 2 	-3944 	16220 	-5200 	
";;;;;
"5896620 	 0 	-3912 	16272 	-5172 	
";;;;;
"5896620 	 1 	128 	14984 	-7140 	
";;;;;
"5896620 	 2 	-3940 	16328 	-5116 	
";;;;;
"5923360 	 0 	-3956 	16352 	-5136 	
";;;;;
"5923360 	 1 	48 	14980 	-7160 	
";;;;;
"5923360 	 2 	-3916 	16320 	-5160 	
";;;;;
"5950088 	 0 	-3948 	16308 	-5156 	
";;;;;
"5950088 	 1 	164 	15000 	-7992 	
";;;;;
"5950088 	 2 	-3944 	16320 	-5096 	
";;;;;
"5976828 	 0 	-3980 	16320 	-5108 	
";;;;;
"5976828 	 1 	0 	14984 	-7156 	
";;;;;
"5976828 	 2 	-3964 	16392 	-5156 	
";;;;;
"6003476 	 0 	-3900 	16312 	-5068 	
";;;;;
"6003476 	 1 	64 	14992 	-7160 	
";;;;;
"6003476 	 2 	-3840 	16380 	-5172 	
";;;;;
"6030180 	 0 	-3944 	16336 	-5004 	
";;;;;
"6030180 	 1 	8 	14976 	-7136 	
";;;;;
"6030180 	 2 	-3872 	16368 	-5092 	
";;;;;
"6056828 	 0 	-4032 	16360 	-5168 	
";;;;;
"6056828 	 1 	8 	15104 	-7936 	
";;;;;
"6056828 	 2 	-3920 	16344 	-5176 	
";;;;;
"6083492 	 0 	-3932 	16292 	-5220 	
";;;;;
"6083492 	 1 	168 	14992 	-7136 	
";;;;;
"6083492 	 2 	-3944 	16296 	-5248 	
";;;;;
"6110224 	 0 	-3960 	16396 	-5088 	
";;;;;
