"13799140	11	7.326631
"
"13801524	10	0.114928
"
"13803880	9	7.331419
"
"13806256	11	7.326631
"
"13808648	10	0.119716
"
"13811008	9	7.312264
"
"13813384	11	7.321842
"
"13815772	10	0.114928
"
"13818148	9	7.336208
"
"13820532	11	7.340996
"
"13822920	10	0.134082
"
"13825300	9	7.331419
"
"13827676	11	7.336208
"
"13830060	10	0.124505
"
"13832440	9	7.336208
"
"13834812	11	7.340996
"
"13837192	10	0.124505
"
"13839580	9	7.331419
"
"13841944	11	7.336208
"
"13844316	10	0.153237
"
"13846692	9	7.331419
"
"13849052	11	7.331419
"
"13851424	10	0.119716
"
"13853800	9	7.321842
"
"13856184	11	7.321842
"
"13858564	10	0.114928
"
"13860936	9	7.326631
"
"13863292	11	7.326631
"
"13865664	10	0.114928
"
"13868044	9	7.331419
"
"13870408	11	7.336208
"
"13872784	10	0.124505
"
"13875152	9	7.345785
"
"13877536	11	7.345785
"
"13879916	10	0.134082
"
"13882288	9	7.336208
"
"13884664	11	7.317053
"
"13887052	10	0.114928
"
"13889428	9	7.326631
"
"13891804	11	7.336208
"
"13894180	10	0.114928
"
"13896560	9	7.336208
"
"13898948	11	7.340996
"
"13901324	10	0.138871
"
"13903704	9	7.340996
"
"13906080	11	7.340996
"
"13908448	10	0.129293
"
"13910828	9	7.326631
"
"13913208	11	7.331419
"
"13915588	10	0.119716
"
"13917964	9	7.336208
"
"13920344	11	7.336208
"
"13922720	10	0.119716
"
"13925096	9	7.331419
"
"13927476	11	7.331419
"
"13929848	10	0.114928
"
"13932232	9	7.331419
"
"13934620	11	7.331419
"
"13936996	10	0.124505
"
"13939368	9	7.321842
"
"13941744	11	7.321842
"
"13944124	10	0.114928
"
"13946488	9	7.331419
"
"13948864	11	7.326631
"
"13951248	10	0.153237
"
"13953620	9	7.331419
"
"13955992	11	7.331419
"
"13958368	10	0.114928
"
"13960732	9	7.326631
"
"13963116	11	7.331419
"
"13965504	10	0.114928
"
"13967872	9	7.331419
"
"13970252	11	7.345785
"
"13972648	10	0.119716
"
"13975004	9	7.345785
"
"13977372	11	7.345785
"
"13979768	10	0.114928
"
"13982132	9	7.340996
"
"13984512	11	7.340996
"
"13986900	10	0.134082
"
"13989260	9	7.340996
"
"13991648	11	7.340996
"
"13994044	10	0.134082
"
"13996408	9	7.340996
"
"13998784	11	7.345785
"
"14001176	10	0.158025
"
"14003544	9	7.336208
"
"14005920	11	7.331419
"
"14008304	10	0.153237
"
"14010684	9	7.340996
"
"14013064	11	7.340996
"
"14015452	10	0.134082
"
"14017828	9	7.345785
"
"14020200	11	7.336208
"
"14022588	10	0.114928
"
"14024964	9	7.340996
"
"14027336	11	7.340996
"
"14029716	10	0.114928
"
"14032096	9	7.331419
"
"14034464	11	7.326631
"
"14036848	10	0.114928
"
"14039220	9	7.321842
"
"14041596	11	7.321842
"
"14043984	10	0.119716
"
"14046364	9	7.321842
"
"14048728	11	7.321842
"
"14051112	10	0.114928
"
"14053496	9	7.321842
"
"14055872	11	7.321842
"
"14058256	10	0.162814
"
"14060624	9	7.331419
"
"14062996	11	7.326631
"
"14065380	10	0.162814
"
"14067768	9	7.340996
"
"14070140	11	7.350574
"
"14072528	10	0.153237
"
"14074920	9	7.340996
"
"14077284	11	7.340996
"
"14079664	10	0.134082
"
"14082036	9	7.336208
"
"14084408	11	7.340996
"
"14086800	10	0.114928
"
"14089172	9	7.350574
"
"14091556	11	7.350574
"
"14093944	10	0.119716
"
"14096316	9	7.345785
"
"14098692	11	7.345785
"
"14101072	10	0.124505
"
"14103448	9	7.340996
"
"14105816	11	7.336208
"
"14108188	10	0.143659
"
"14110564	9	7.340996
"
"14112948	11	7.336208
"
"14115320	10	0.129293
"
"14117704	9	7.331419
"
"14120080	11	7.336208
"
"14122456	10	0.158025
"
"14124824	9	7.340996
"
"14127208	11	7.340996
"
"14129580	10	0.134082
"
"14131948	9	7.336208
"
"14134328	11	7.331419
"
"14136700	10	0.134082
"
"14139068	9	7.336208
"
"14141464	11	7.321842
"
"14143844	10	0.119716
"
"14146212	9	7.326631
"
"14148592	11	7.326631
"
"14150968	10	0.124505
"
"14153340	9	7.331419
"
"14155716	11	7.331419
"
"14158096	10	0.114928
"
"14160464	9	7.331419
"
"14162836	11	7.326631
"
"14165220	10	0.124505
"
"14167596	9	7.336208
"
"14169976	11	7.340996
"
"14172364	10	0.129293
"
"14174736	9	7.350574
"
"14177124	11	7.350574
"
"14179512	10	0.134082
"
"14181872	9	7.340996
"
"14184244	11	7.345785
"
"14186636	10	0.138871
"
"14188992	9	7.336208
"
"14191368	11	7.331419
"
"14193752	10	0.134082
"
"14196116	9	7.336208
"
"14198500	11	7.331419
"
"14200884	10	0.124505
"
"14203260	9	7.345785
"
"14205636	11	7.350574
"
"14208036	10	0.138871
"
"14210408	9	7.350574
"
"14212784	11	7.350574
"
"14215176	10	0.134082
"
"14217548	9	7.345785
"
"14219916	11	7.340996
"
"14222300	10	0.134082
"
"14224684	9	7.331419
"
"14227064	11	7.345785
"
"14229444	10	0.153237
"
"14231808	9	7.336208
"
"14234192	11	7.336208
"
"14236580	10	0.119716
"
"14238948	9	7.326631
"
"14241312	11	7.336208
"
"14243700	10	0.134082
"
"14246080	9	7.340996
"
"14248452	11	7.336208
"
"14250844	10	0.114928
"
"14253216	9	7.321842
"
"14255596	11	7.326631
"
"14257980	10	0.124505
"
"14260336	9	7.326631
"
"14262700	11	7.326631
"
"14265084	10	0.114928
"
"14267468	9	7.331419
"
"14269828	11	7.336208
"
"14272220	10	0.134082
"
"14274604	9	7.331419
"
"14276972	11	7.340996
"
"14279356	10	0.153237
"
"14281748	9	7.336208
"
"14284116	11	7.340996
"
"14286504	10	0.153237
"
"14288880	9	7.336208
"
"14291252	11	7.340996
"
"14293636	10	0.134082
"
"14296008	9	7.326631
"
"14298384	11	7.326631
"
"14300772	10	0.162814
"
"14303140	9	7.331419
"
"14305528	11	7.326631
"
"14307916	10	0.124505
"
"14310284	9	7.331419
"
"14312652	11	7.326631
"
"14315020	10	0.119716
"
"14317392	9	7.326631
"
"14319764	11	7.331419
"
"14322140	10	0.114928
"
"14324508	9	7.340996
"
"14326888	11	7.336208
"
"14329268	10	0.124505
"
"14331636	9	7.331419
"
"14334012	11	7.326631
"
"14336396	10	0.114928
"
"14338760	9	7.326631
"
"14341156	11	7.336208
"
"14343536	10	0.134082
"
"14345912	9	7.331419
"
"14348300	11	7.326631
"
"14350676	10	0.119716
"
"14353056	9	7.340996
"
"14355432	11	7.336208
"
"14357816	10	0.138871
"
"14360204	9	7.340996
"
"14362576	11	7.340996
"
"14364952	10	0.134082
"
"14367320	9	7.336208
"
"14369700	11	7.331419
"
"14372076	10	0.114928
"
"14374448	9	7.340996
"
"14376820	11	7.336208
"
"14379204	10	0.119716
"
"14381572	9	7.331419
"
"14383948	11	7.336208
"
"14386336	10	0.153237
"
"14388712	9	7.326631
"
"14391092	11	7.326631
"
"14393480	10	0.162814
"
"14395840	9	7.326631
"
"14398220	11	7.336208
"
"14400608	10	0.153237
"
"14402968	9	7.326631
"
"14405344	11	7.326631
"
"14407740	10	0.114928
"
"14410104	9	7.326631
"
"14412488	11	7.321842
"
"14414876	10	0.114928
"
"14417244	9	7.331419
"
"14419624	11	7.336208
"
"14422008	10	0.129293
"
"14424380	9	7.321842
"
"14426752	11	7.321842
"
"14429132	10	0.124505
"
"14431512	9	7.326631
"
"14433888	11	7.326631
"
"14436272	10	0.114928
"
"14438652	9	7.331419
"
"14441032	11	7.321842
"
"14443412	10	0.124505
"
"14445780	9	7.317053
"
"14448152	11	7.321842
"
"14450532	10	0.114928
"
"14452904	9	7.326631
"
"14455268	11	7.331419
"
"14457652	10	0.114928
"
"14460036	9	7.336208
"
"14462408	11	7.336208
"
"14464792	10	0.134082
"
"14467172	9	7.340996
"
"14469544	11	7.336208
"
"14471936	10	0.153237
"
"14474308	9	7.340996
"
"14476668	11	7.340996
"
"14479048	10	0.114928
"
"14481440	9	7.326631
"
"14483800	11	7.340996
"
"14486172	10	0.119716
"
"14488536	9	7.350574
"
"14490908	11	7.340996
"
"14493280	10	0.114928
"
"14495656	9	7.331419
"
"14498028	11	7.331419
"
"14500396	10	0.124505
"
"14502764	9	7.326631
"
"14505140	11	7.331419
"
"14507512	10	0.119716
"
"14509888	9	7.326631
"
"14512276	11	7.336208
"
"14514652	10	0.114928
"
"14517036	9	7.340996
"
"14519420	11	7.340996
"
"14521800	10	0.134082
"
"14524172	9	7.345785
"
"14526552	11	7.345785
"
"14528940	10	0.134082
"
"14531316	9	7.345785
"
"14533700	11	7.345785
"
"14536080	10	0.134082
"
"14538436	9	7.336208
"
"14540828	11	7.336208
"
"14543204	10	0.138871
"
"14545576	9	7.340996
"
"14547952	11	7.345785
"
"14550340	10	0.134082
"
"14552712	9	7.345785
"
"14555092	11	7.345785
"
"14557472	10	0.114928
"
"14559856	9	7.326631
"
"14562232	11	7.321842
"
"14564624	10	0.124505
"
"14566980	9	7.331419
"
"14569356	11	7.321842
"
"14571748	10	0.114928
"
"14574120	9	7.326631
"
"14576496	11	7.326631
"
"14578880	10	0.114928
"
"14581248	9	7.321842
"
"14583636	11	7.321842
"
"14586028	10	0.114928
"
"14588384	9	7.321842
"
"14590756	11	7.321842
"
"14593140	10	0.081407
"
"14595516	9	7.331419
"
"14597884	11	7.326631
"
"14600268	10	0.086196
"
"14602644	9	7.331419
"
"14605024	11	7.331419
"
"14607420	10	0.119716
"
"14609776	9	7.336208
"
"14612152	11	7.340996
"
"14614536	10	0.114928
"
"14616900	9	7.326631
"
"14619276	11	7.331419
"
"14621660	10	0.114928
"
"14624028	9	7.326631
"
"14626412	11	7.331419
"
"14628796	10	0.124505
"
"14631172	9	7.326631
"
"14633552	11	7.321842
"
"14635940	10	0.114928
"
"14638316	9	7.331419
"
"14640680	11	7.331419
"
"14643060	10	0.153237
"
"14645436	9	7.331419
"
"14647796	11	7.336208
"
"14650188	10	0.114928
"
"14652572	9	7.331419
"
"14654944	11	7.331419
"
"14657328	10	0.114928
"
"14659708	9	7.336208
"
"14662080	11	7.336208
"
"14664472	10	0.114928
"
"14666856	9	7.331419
"
"14669220	11	7.326631
"
"14671604	10	0.114928
"
"14673988	9	7.326631
"
"14676356	11	7.317053
"
"14678740	10	0.119716
"
"14681128	9	7.331419
"
"14683496	11	7.336208
"
"14685880	10	0.129293
"
"14688268	9	7.336208
"
"14690636	11	7.336208
"
"14693020	10	0.134082
"
"14695404	9	7.331419
"
"14697772	11	7.326631
"
"14700156	10	0.124505
"
"14702532	9	7.321842
"
"14704920	11	7.331419
"
"14707304	10	0.153237
"
"14709684	9	7.340996
"
"14712060	11	7.345785
"
"14714436	10	0.153237
"
"14716816	9	7.331419
"
"14719192	11	7.331419
"
"14721568	10	0.129293
"
"14723936	9	7.340996
"
"14726320	11	7.340996
"
"14728696	10	0.119716
"
"14731076	9	7.340996
"
"14733464	11	7.340996
"
"14735840	10	0.153237
"
"14738220	9	7.345785
"
"14740604	11	7.345785
"
"14742984	10	0.191546
"
"14745360	9	7.340996
"
"14747736	11	7.340996
"
"14750104	10	0.162814
"
"14752476	9	7.345785
"
"14754860	11	7.350574
"
"14757236	10	0.172391
"
"14759596	9	7.336208
"
"14761972	11	7.331419
"
"14764352	10	0.162814
"
"14766728	9	7.317053
"
"14769112	11	7.336208
"
"14771492	10	0.134082
"
"14773852	9	7.336208
"
"14776228	11	7.331419
"
"14778604	10	0.114928
"
"14780968	9	7.312264
"
"14783336	11	7.317053
"
"14785724	10	0.114928
"
"14788072	9	7.312264
"
"14790448	11	7.321842
"
"14792836	10	0.114928
"
"14795192	9	7.317053
"
"14797576	11	7.321842
"
"14799960	10	0.114928
"
"14802312	9	7.336208
"
"14804688	11	7.331419
"
"14807080	10	0.119716
"
"14809440	9	7.326631
"
"14811816	11	7.326631
"
"14814200	10	0.119716
"
"14816568	9	7.340996
"
"14818952	11	7.340996
"
"14821328	10	0.124505
"
"14823700	9	7.340996
"
"14826076	11	7.336208
"
"14828460	10	0.076618
"
"14830836	9	7.345785
"
"14833204	11	7.345785
"
"14835584	10	0.095773
"
"14837956	9	7.350574
"
"14840336	11	7.350574
"
"14842724	10	0.124505
"
"14845088	9	7.345785
"
"14847468	11	7.355362
"
"14849852	10	0.004789
"
"14852212	9	7.355362
"
"14854584	11	7.345785
"
"14856960	10	0.114928
"
"14859344	9	7.340996
"
"14861708	11	7.345785
"
"14864092	10	0.100562
"
"14866468	9	7.331419
"
"14868844	11	7.331419
"
"14871224	10	0.086196
"
"14873588	9	7.331419
"
"14875964	11	7.331419
"
"14878344	10	0.095773
"
"14880712	9	7.350574
"
"14883080	11	7.350574
"
"14885464	10	0.105350
"
"14887836	9	7.350574
"
"14890212	11	7.336208
"
"14892592	10	0.076618
"
"14894956	9	7.326631
"
"14897340	11	7.331419
"
"14899708	10	0.076618
"
"14902080	9	7.331419
"
"14904452	11	7.340996
"
"14906820	10	0.071830
"
"14909188	9	7.350574
"
"14911564	11	7.360151
"
"14913940	10	0.004789
"
"14916308	9	7.345785
"
"14918696	11	7.340996
"
"14921064	10	0.038309
"
"14923436	9	7.340996
"
"14925808	11	7.336208
"
"14928184	10	0.057464
"
"14930552	9	7.326631
"
"14932928	11	7.336208
"
"14935304	10	0.086196
"
"14937688	9	7.336208
"
"14940064	11	7.336208
"
"14942444	10	0.134082
"
"14944808	9	7.340996
"
"14947184	11	7.331419
"
"14949568	10	0.158025
"
"14951940	9	7.307476
"
"14954316	11	7.297899
"
"14956700	10	0.162814
"
"14959068	9	7.302687
"
"14961440	11	7.307476
"
"14963820	10	0.167603
"
"14966176	9	7.307476
"
"14968552	11	7.307476
"
"14970936	10	0.153237
"
"14973312	9	7.307476
"
"14975688	11	7.302687
"
"14978080	10	0.162814
"
"14980436	9	7.312264
"
"14982820	11	7.312264
"
"14985200	10	0.114928
"
"14987568	9	7.321842
"
"14989940	11	7.321842
"
"14992324	10	0.090984
"
"14994688	9	7.336208
"
"14997064	11	7.340996
"
"14999448	10	0.090984
"
"15001808	9	7.331419
"
"15004176	11	7.326631
"
"15006560	10	0.038309
"
"15008936	9	7.317053
"
"15011308	11	7.326631
"
"15013688	10	0.038309
"
"15016068	9	7.321842
"
"15018432	11	7.312264
"
"15020808	10	0.081407
"
"15023184	9	7.317053
"
"15025552	11	7.312264
"
"15027932	10	0.081407
"
"15030316	9	7.312264
"
"15032684	11	7.317053
"
"15035068	10	0.081407
"
"15037448	9	7.312264
"
"15039816	11	7.321842
"
"15042196	10	0.076618
"
"15044568	9	7.331419
"
"15046940	11	7.321842
"
"15049328	10	0.090984
"
"15051704	9	7.336208
"
"15054088	11	7.336208
"
"15056472	10	0.086196
"
"15058824	9	7.321842
"
"15061208	11	7.317053
"
"15063580	10	0.081407
"
"15065944	9	7.321842
"
"15068328	11	7.326631
"
"15070700	10	0.076618
"
"15073068	9	7.307476
"
"15075448	11	7.312264
"
"15077820	10	0.119716
"
"15080200	9	7.326631
"
"15082584	11	7.331419
"
"15084956	10	0.129293
"
"15087324	9	7.331419
"
"15089712	11	7.331419
"
"15092092	10	0.153237
"
"15094452	9	7.340996
"
"15096828	11	7.336208
"
"15099208	10	0.153237
"
"15101596	9	7.331419
"
"15103980	11	7.336208
"
"15106364	10	0.158025
"
"15108716	9	7.326631
"
"15111100	11	7.326631
"
"15113480	10	0.162814
"
"15115852	9	7.326631
"
"15118224	11	7.317053
"
"15120608	10	0.162814
"
"15122988	9	7.321842
"
"15125368	11	7.326631
"
"15127752	10	0.158025
"
"15130116	9	7.321842
"
"15132504	11	7.326631
"
"15134892	10	0.119716
"
"15137248	9	7.340996
"
"15139620	11	7.340996
"
"15142004	10	0.134082
"
"15144368	9	7.336208
"
"15146748	11	7.336208
"
"15149136	10	0.134082
"
"15151512	9	7.326631
"
"15153888	11	7.312264
"
"15156284	10	0.153237
"
"15158652	9	7.302687
"
"15161024	11	7.297899
"
"15163420	10	0.153237
"
"15165772	9	7.297899
"
"15168152	11	7.312264
"
"15170532	10	0.153237
"
"15172900	9	7.312264
"
"15175272	11	7.317053
"
"15177660	10	0.153237
"
"15180032	9	7.317053
"
"15182416	11	7.307476
"
"15184800	10	0.090984
"
"15187168	9	7.317053
"
"15189536	11	7.312264
"
"15191916	10	0.114928
"
"15194296	9	7.326631
"
"15196668	11	7.317053
"
"15199056	10	0.086196
"
"15201436	9	7.326631
"
"15203804	11	7.321842
"
"15206192	10	0.119716
"
"15208564	9	7.321842
"
"15210924	11	7.321842
"
"15213308	10	0.167603
"
"15215684	9	7.312264
"
"15218056	11	7.317053
"
"15220452	10	0.162814
"
"15222840	9	7.326631
"
"15225216	11	7.321842
"
"15227596	10	0.153237
"
"15229964	9	7.336208
"
"15232336	11	7.336208
"
"15234712	10	0.153237
"
"15237088	9	7.345785
"
"15239456	11	7.345785
"
"15241824	10	0.138871
"
"15244208	9	7.331419
"
"15246584	11	7.331419
"
"15248964	10	0.119716
"
"15251328	9	7.336208
"
"15253708	11	7.340996
"
"15256080	10	0.076618
"
"15258436	9	7.331419
"
"15260812	11	7.326631
"
"15263188	10	0.047886
"
"15265568	9	7.340996
"
"15267948	11	7.340996
"
"15270324	10	0.043098
"
"15272672	9	7.345785
"
"15275064	11	7.345785
"
"15277440	10	0.057464
"
"15279788	9	7.331419
"
"15282168	11	7.321842
"
"15284556	10	0.081407
"
"15286936	9	7.321842
"
"15289316	11	7.317053
"
"15291704	10	0.100562
"
"15294080	9	7.317053
"
"15296468	11	7.312264
"
"15298848	10	0.114928
"
"15301216	9	7.321842
"
"15303592	11	7.326631
"
"15305976	10	0.086196
"
"15308352	9	7.312264
"
"15310724	11	7.321842
"
"15313112	10	0.114928
"
"15315484	9	7.321842
"
"15317868	11	7.317053
"
"15320260	10	0.153237
"
"15322628	9	7.321842
"
"15325012	11	7.317053
"
"15327400	10	0.191546
"
"15329772	9	7.321842
"
"15332144	11	7.312264
"
"15334532	10	0.095773
"
"15336904	9	7.302687
"
"15339280	11	7.302687
"
"15341668	10	0.076618
"
"15344040	9	7.321842
"
"15346428	11	7.326631
"
"15348816	10	0.114928
"
"15351192	9	7.317053
"
"15353572	11	7.317053
"
"15355964	10	0.076618
"
"15358328	9	7.317053
"
"15360720	11	7.317053
"
"15363112	10	0.076618
"
"15365476	9	7.317053
"
"15367852	11	7.321842
"
"15370232	10	0.038309
"
"15372596	9	7.321842
"
"15374968	11	7.321842
"
"15377352	10	0.038309
"
"15379712	9	7.326631
"
"15382096	11	7.321842
"
"15384480	10	0.095773
"
"15386844	9	7.331419
"
"15389212	11	7.331419
"
"15391596	10	0.086196
"
"15393956	9	7.331419
"
"15396324	11	7.336208
"
"15398708	10	0.081407
"
"15401092	9	7.336208
"
"15403456	11	7.331419
"
"15405840	10	0.076618
"
"15408224	9	7.321842
"
"15410600	11	7.326631
"
"15412984	10	0.076618
"
"15415364	9	7.326631
"
"15417728	11	7.350574
"
"15420108	10	0.119716
"
"15422500	9	7.326631
"
"15424860	11	7.331419
"
"15427236	10	0.153237
"
"15429624	9	7.331419
"
"15432000	11	7.331419
"
"15434380	10	0.134082
"
"15436736	9	7.326631
"
"15439112	11	7.307476
"
"15441492	10	0.105350
"
"15443856	9	7.312264
"
"15446228	11	7.302687
"
"15448600	10	0.162814
"
"15450980	9	7.317053
"
"15453364	11	7.326631
"
"15455736	10	0.114928
"
"15458124	9	7.331419
"
"15460508	11	7.331419
"
"15462876	10	0.153237
"
"15465256	9	7.345785
"
"15467636	11	7.331419
"
"15470012	10	0.153237
"
"15472396	9	7.317053
"
"15474772	11	7.326631
"
"15477140	10	0.124505
"
"15479508	9	7.326631
"
"15481900	11	7.317053
"
"15484276	10	0.076618
"
"15486644	9	7.317053
"
"15489036	11	7.312264
"
"15491408	10	0.086196
"
"15493776	9	7.317053
"
"15496148	11	7.326631
"
"15498524	10	0.086196
"
"15500880	9	7.321842
"
"15503256	11	7.326631
"
"15505636	10	0.090984
"
"15508000	9	7.336208
"
"15510384	11	7.326631
"
"15512768	10	0.090984
"
"15515132	9	7.336208
"
"15517512	11	7.321842
"
"15519896	10	0.114928
"
"15522268	9	7.321842
"
"15524636	11	7.321842
"
"15527032	10	0.153237
"
"15529408	9	7.317053
"
"15531792	11	7.307476
"
"15534176	10	0.095773
"
"15536544	9	7.312264
"
"15538916	11	7.326631
"
"15541308	10	0.124505
"
"15543672	9	7.326631
"
"15546048	11	7.326631
"
"15548444	10	0.114928
"
"15550804	9	7.331419
"
"15553184	11	7.331419
"
"15555572	10	0.153237
"
"15557948	9	7.326631
"
"15560332	11	7.336208
"
"15562720	10	0.129293
"
"15565088	9	7.336208
"
"15567468	11	7.331419
"
"15569852	10	0.095773
"
"15572224	9	7.331419
"
"15574608	11	7.331419
"
"15576992	10	0.076618
"
"15579372	9	7.340996
"
"15581736	11	7.336208
"
"15584120	10	0.057464
"
"15586496	9	7.340996
"
"15588860	11	7.331419
"
"15591244	10	0.076618
"
"15593620	9	7.336208
"
"15595992	11	7.326631
"
"15598376	10	0.095773
"
"15600756	9	7.321842
"
"15603136	11	7.317053
"
"15605528	10	0.076618
"
"15607888	9	7.331419
"
"15610252	11	7.331419
"
"15612636	10	0.119716
"
"15615032	9	7.321842
"
"15617408	11	7.326631
"
"15619788	10	0.081407
"
"15622176	9	7.331419
"
"15624552	11	7.321842
"
"15626928	10	0.076618
"
"15629296	9	7.326631
"
"15631664	11	7.321842
"
"15634044	10	0.076618
"
"15636408	9	7.331419
"
"15638776	11	7.331419
"
"15641160	10	0.081407
"
"15643520	9	7.340996
"
"15645900	11	7.336208
"
"15648276	10	0.076618
"
"15650624	9	7.331419
"
"15653004	11	7.326631
"
"15655376	10	0.038309
"
"15657728	9	7.321842
"
"15660112	11	7.317053
"
"15662484	10	0.076618
"
"15664856	9	7.321842
"
"15667248	11	7.312264
"
"15669612	10	0.076618
"
"15671972	9	7.331419
"
"15674356	11	7.321842
"
"15676732	10	0.076618
"
"15679080	9	7.326631
"
"15681460	11	7.326631
"
"15683840	10	0.076618
"
"15686196	9	7.312264
"
"15688572	11	7.312264
"
"15690956	10	0.076618
"
"15693328	9	7.307476
"
"15695716	11	7.317053
"
"15698104	10	0.114928
"
"15700460	9	7.336208
"
"15702848	11	7.331419
"
"15705232	10	0.076618
"
"15707600	9	7.293110
"
"15709968	11	7.307476
"
"15712356	10	0.043098
"
"15714736	9	7.312264
"
"15717108	11	7.312264
"
"15719492	10	0.038309
"
"15721856	9	7.321842
"
"15724240	11	7.331419
"
"15726632	10	0.038309
"
"15728988	9	7.321842
"
"15731360	11	7.321842
"
"15733740	10	0.038309
"
"15736100	9	7.321842
"
"15738472	11	7.331419
"
"15740852	10	0.076618
"
"15743228	9	7.326631
"
"15745608	11	7.326631
"
"15747992	10	0.086196
"
"15750356	9	7.326631
"
"15752724	11	7.326631
"
"15755108	10	0.076618
"
"15757496	9	7.317053
"
"15759864	11	7.312264
"
"15762248	10	0.110139
"
"15764628	9	7.312264
"
"15766992	11	7.307476
"
"15769372	10	0.095773
"
"15771744	9	7.312264
"
"15774112	11	7.307476
"
"15776492	10	0.076618
"
"15778852	9	7.317053
"
"15781220	11	7.317053
"
"15783604	10	0.076618
"
"15785976	9	7.321842
"
"15788360	11	7.312264
"
"15790740	10	0.095773
"
"15793108	9	7.312264
"
"15795476	11	7.312264
"
"15797856	10	0.086196
"
"15800240	9	7.321842
"
"15802624	11	7.312264
"
"15805008	10	0.086196
"
"15807380	9	7.312264
"
"15809752	11	7.307476
"
"15812124	10	0.095773
"
"15814484	9	7.312264
"
"15816860	11	7.317053
"
"15819232	10	0.114928
"
"15821600	9	7.307476
"
"15823976	11	7.312264
"
"15826344	10	0.105350
"
"15828708	9	7.312264
"
"15831096	11	7.307476
"
"15833468	10	0.100562
"
"15835836	9	7.321842
"
"15838228	11	7.307476
"
"15840596	10	0.086196
"
"15842968	9	7.317053
"
"15845344	11	7.312264
"
"15847720	10	0.043098
"
"15850088	9	7.331419
"
"15852460	11	7.326631
"
"15854840	10	0.086196
"
"15857216	9	7.302687
"
"15859600	11	7.293110
"
"15861988	10	0.086196
"
"15864360	9	7.288321
"
"15866740	11	7.293110
"
"15869128	10	0.076618
"
"15871500	9	7.288321
"
"15873876	11	7.297899
"
"15876260	10	0.172391
"
"15878628	9	7.297899
"
"15881012	11	7.297899
"
"15883396	10	0.153237
"
"15885772	9	7.307476
"
"15888156	11	7.297899
"
"15890544	10	0.086196
"
"15892912	9	7.278744
"
"15895280	11	7.302687
"
"15897672	10	0.095773
"
"15900044	9	7.297899
"
"15902420	11	7.297899
"
"15904820	10	0.100562
"
"15907180	9	7.297899
"
"15909568	11	7.293110
"
"15911960	10	0.086196
"
"15914328	9	7.307476
"
"15916708	11	7.302687
"
"15919096	10	0.076618
"
"15921460	9	7.278744
"
"15923824	11	7.273955
"
"15926208	10	0.004789
"
"15928588	9	7.278744
"
"15930956	11	7.283533
"
"15933340	10	0.014366
"
"15935708	9	7.302687
"
"15938080	11	7.297899
"
"15940464	10	0.009577
"
"15942828	9	7.283533
"
"15945204	11	7.312264
"
"15947592	10	0.076618
"
"15949976	9	7.317053
"
"15952340	11	7.312264
"
"15954720	10	0.076618
"
"15957100	9	7.302687
"
"15959468	11	7.307476
"
"15961852	10	0.014366
"
"15964232	9	7.317053
"
"15966604	11	7.317053
"
"15968996	10	0.019155
"
"15971384	9	7.307476
"
"15973752	11	7.297899
"
"15976140	10	0.023943
"
"15978528	9	7.312264
"
"15980892	11	7.312264
"
"15983272	10	0.076618
"
"15985640	9	7.321842
"
"15988024	11	7.326631
"
"15990412	10	0.086196
"
"15992776	9	7.321842
"
"15995156	11	7.317053
"
"15997544	10	0.038309
"
"15999920	9	7.312264
"
"16002296	11	7.321842
"
"16004672	10	0.038309
"
"16007040	9	7.326631
"
"16009408	11	7.321842
"
"16011768	10	0.076618
"
"16014128	9	7.331419
"
"16016492	11	7.331419
"
"16018852	10	0.086196
"
"16021216	9	7.331419
"
"16023604	11	7.340996
"
"16025972	10	0.062252
"
"16028328	9	7.317053
"
"16030708	11	7.317053
"
"16033088	10	0.009577
"
"16035460	9	7.321842
"
"16037832	11	7.312264
"
"16040208	10	0.076618
"
"16042568	9	7.321842
"
"16044944	11	7.317053
"
"16047332	10	0.095773
"
"16049700	9	7.288321
"
"16052072	11	7.293110
"
"16054460	10	0.086196
"
"16056820	9	7.302687
"
"16059192	11	7.307476
"
"16061576	10	0.000000
"
"16063912	9	7.307476
"
"16066292	11	7.307476
"
"16068672	10	7.278744
"
"16071032	9	7.307476
"
"16073412	11	7.317053
"
"16075808	10	0.000000
"
"16078136	9	7.273955
"
"16080512	11	7.288321
"
"16082888	10	7.283533
"
"16085256	9	7.312264
"
"16087624	11	7.317053
"
"16090012	10	7.278744
"
"16092392	9	7.321842
"
"16094772	11	7.312264
"
"16097148	10	7.307476
"
"16099532	9	7.288321
"
"16101908	11	7.293110
"
"16104284	10	0.076618
"
"16106660	9	7.326631
"
"16109020	11	7.331419
"
"16111392	10	0.143659
"
"16113776	9	7.317053
"
"16116136	11	7.345785
"
"16118512	10	0.158025
"
"16120892	9	7.317053
"
"16123264	11	7.331419
"
"16125640	10	0.167603
"
"16127996	9	7.312264
"
"16130364	11	7.340996
"
"16132740	10	0.114928
"
"16135100	9	7.321842
"
"16137468	11	7.326631
"
"16139848	10	0.057464
"
"16142216	9	7.317053
"
"16144596	11	7.336208
"
"16146968	10	7.278744
"
"16149336	9	7.331419
"
"16151716	11	7.340996
"
"16154088	10	7.278744
"
"16156464	9	7.355362
"
"16158844	11	7.326631
"
"16161216	10	7.283533
"
"16163588	9	7.331419
"
"16165960	11	7.317053
"
"16168336	10	0.000000
"
"16170652	9	7.321842
"
"16173032	11	7.331419
"
"16175412	10	0.047886
"
"16177788	9	7.336208
"
"16180164	11	7.331419
"
"16182540	10	0.019155
"
"16184912	9	7.312264
"
"16187288	11	7.317053
"
"16189668	10	0.081407
"
"16192040	9	7.278744
"
"16194404	11	7.288321
"
"16196792	10	0.100562
"
"16199156	9	7.288321
"
"16201528	11	7.288321
"
"16203920	10	0.076618
"
"16206288	9	7.312264
"
"16208668	11	7.312264
"
"16211048	10	0.023943
"
"16213412	9	7.302687
"
"16215792	11	7.288321
"
"16218180	10	0.000000
"
"16220508	9	7.283533
"
"16222880	11	7.293110
"
"16225256	10	7.278744
"
"16227640	9	7.312264
"
"16230016	11	7.312264
"
"16232400	10	7.278744
"
"16234784	9	7.312264
"
"16237160	11	7.317053
"
"16239548	10	7.230857
"
"16241924	9	7.336208
"
"16244304	11	7.331419
"
"16246680	10	0.009577
"
"16249056	9	7.326631
"
"16251420	11	7.340996
"
"16253796	10	0.076618
"
"16256184	9	7.312264
"
"16258544	11	7.297899
"
"16260928	10	0.186757
"
"16263300	9	7.297899
"
"16265672	11	7.307476
"
"16268048	10	0.263376
"
"16270416	9	7.283533
"
"16272788	11	7.317053
"
"16275168	10	0.158025
"
"16277556	9	7.293110
"
"16279916	11	7.302687
"
"16282292	10	0.076618
"
"16284668	9	7.278744
"
"16287048	11	7.288321
"
"16289424	10	0.057464
"
"16291784	9	7.254801
"
"16294160	11	7.240435
"
"16296540	10	0.038309
"
"16298912	9	7.269167
"
"16301288	11	7.283533
"
"16303668	10	0.076618
"
"16306036	9	7.331419
"
"16308416	11	7.278744
"
"16310792	10	0.019155
"
"16313168	9	7.250012
"
"16315548	11	7.278744
"
"16317924	10	7.226069
"
"16320292	9	7.283533
"
"16322672	11	7.283533
"
"16325048	10	7.278744
"
"16327416	9	7.293110
"
"16329788	11	7.297899
"
"16332164	10	7.288321
"
"16334540	9	7.293110
"
"16336928	11	7.297899
"
"16339300	10	7.273955
"
"16341672	9	7.278744
"
"16344040	11	7.293110
"
"16346420	10	0.000000
"
"16348748	9	7.254801
"
"16351124	11	7.288321
"
"16353508	10	0.009577
"
"16355876	9	7.283533
"
"16358248	11	7.273955
"
"16360636	10	0.153237
"
"16363000	9	7.288321
"
"16365380	11	7.293110
"
"16367768	10	0.191546
"
"16370124	9	7.269167
"
"16372496	11	7.259590
"
"16374876	10	0.229855
"
"16377240	9	7.293110
"
"16379604	11	7.293110
"
"16381988	10	0.249010
"
"16384356	9	7.312264
"
"16386728	11	7.307476
"
"16389104	10	0.258587
"
"16391472	9	7.307476
"
"16393848	11	7.297899
"
"16396232	10	0.330417
"
"16398596	9	7.297899
"
"16400984	11	7.312264
"
"16403360	10	0.325628
"
"16405728	9	7.307476
"
"16408088	11	7.317053
"
"16410468	10	0.335205
"
"16412844	9	7.302687
"
"16415204	11	7.302687
"
"16417584	10	0.306473
"
"16419960	9	7.307476
"
"16422332	11	7.302687
"
"16424708	10	0.249010
"
"16427084	9	7.297899
"
"16429452	11	7.293110
"
"16431820	10	0.162814
"
"16434204	9	7.288321
"
"16436568	11	7.288321
"
"16438940	10	0.153237
"
"16441316	9	7.278744
"
"16443680	11	7.288321
"
"16446056	10	0.158025
"
"16448408	9	7.283533
"
"16450788	11	7.297899
"
"16453156	10	0.153237
"
"16455520	9	7.288321
"
"16457900	11	7.293110
"
"16460268	10	0.162814
"
"16462640	9	7.278744
"
"16465012	11	7.273955
"
"16467384	10	0.172391
"
"16469756	9	7.269167
"
"16472140	11	7.269167
"
"16474516	10	0.162814
"
"16476888	9	7.273955
"
"16479268	11	7.278744
"
"16481644	10	0.076618
"
"16484004	9	7.273955
"
"16486364	11	7.278744
"
"16488744	10	0.076618
"
"16491116	9	7.278744
"
"16493488	11	7.273955
"
"16495872	10	0.043098
"
"16498252	9	7.273955
"
"16500624	11	7.278744
"
"16503008	10	7.278744
"
"16505368	9	7.283533
"
"16507736	11	7.278744
"
"16510116	10	7.269167
"
"16512488	9	7.273955
"
"16514848	11	7.273955
"
"16517232	10	0.004789
"
"16519604	9	7.273955
"
"16521980	11	7.269167
"
"16524364	10	0.000000
"
"16526684	9	7.278744
"
"16529052	11	7.273955
"
"16531428	10	0.033521
"
"16533796	9	7.278744
"
"16536160	11	7.288321
"
"16538536	10	0.009577
"
"16540916	9	7.273955
"
"16543276	11	7.269167
"
"16545652	10	0.062252
"
"16548028	9	7.264378
"
"16550396	11	7.269167
"
"16552780	10	0.047886
"
"16555152	9	7.278744
"
"16557516	11	7.278744
"
"16559888	10	0.153237
"
"16562268	9	7.278744
"
"16564636	11	7.288321
"
"16567008	10	0.234644
"
"16569388	9	7.278744
"
"16571752	11	7.278744
"
"16574128	10	0.229855
"
"16576488	9	7.302687
"
"16578860	11	7.297899
"
"16581244	10	0.229855
"
"16583612	9	7.293110
"
"16585976	11	7.297899
"
"16588356	10	0.311262
"
"16590716	9	7.307476
"
"16593088	11	7.297899
"
"16595460	10	0.325628
"
"16597832	9	7.297899
"
"16600204	11	7.297899
"
"16602576	10	0.325628
"
"16604952	9	7.307476
"
"16607324	11	7.302687
"
"16609696	10	0.325628
"
"16612052	9	7.293110
"
"16614432	11	7.302687
"
"16616796	10	0.306473
"
"16619164	9	7.302687
"
"16621532	11	7.312264
"
"16623900	10	0.306473
"
"16626276	9	7.321842
"
"16628640	11	7.326631
"
"16631012	10	0.383092
"
"16633384	9	7.340996
"
"16635760	11	7.340996
"
"16638136	10	0.038309
"
"16640484	9	7.398460
"
"16642856	11	7.412826
"
"16645236	10	0.023943
"
"16647588	9	7.460712
"
"16649956	11	7.503810
"
"16652336	10	0.153237
"
"16654700	9	7.527754
"
"16657068	11	7.532542
"
"16659436	10	0.153237
"
"16661804	9	7.618738
"
"16664172	11	7.647470
"
"16666536	10	0.004789
"
"16668900	9	7.657047
"
"16671256	11	7.652258
"
"16673624	10	0.000000
"
"16675972	9	7.714511
"
"16678328	11	7.762397
"
"16680700	10	0.009577
"
"16683088	9	7.776763
"
"16685456	11	7.815073
"
"16687836	10	0.000000
"
"16690172	9	7.886902
"
"16692544	11	7.973098
"
"16694916	10	0.009577
"
"16697296	9	8.202954
"
"16699656	11	8.198164
"
"16702024	10	0.000000
"
"16704352	9	8.313093
"
"16706732	11	8.432808
"
"16709096	10	0.000000
"
"16711408	9	8.514216
"
"16713784	11	8.389711
"
"16716156	10	0.000000
"
"16718476	9	8.394499
"
"16720844	11	8.571680
"
"16723216	10	0.000000
"
"16725536	9	8.763225
"
"16727900	11	8.892518
"
"16730280	10	0.272953
"
"16732648	9	9.404904
"
"16735012	11	9.625182
"
"16737396	10	9.807150
"
"16739736	9	10.262072
"
"16742144	11	10.716994
"
"16744584	10	9.974753
"
"16746940	9	12.407386
"
"16749352	11	13.053853
"
"16751800	10	9.826305
"
"16754176	9	12.785689
"
"16756600	11	12.723437
"
"16759052	10	2.911498
"
"16761424	9	12.464850
"
"16763848	11	12.594143
"
"16766296	10	2.916286
"
"16768660	9	12.742591
"
"16771088	11	12.723437
"
"16773528	10	2.834879
"
"16775904	9	12.512736
"
"16778340	11	12.345133
"
"16780780	10	10.127989
"
"16783216	9	11.756130
"
"16785656	11	11.641202
"
"16788096	10	9.811939
"
"16790476	9	11.368249
"
"16792908	11	11.234168
"
"16795356	10	10.649952
"
"16797788	9	10.851076
"
"16800220	11	10.827133
"
"16802664	10	10.487138
"
"16805108	9	10.654741
"
"16807540	11	10.606855
"
"16809972	10	10.496716
"
"16812408	9	10.353056
"
"16814832	11	10.257284
"
"16817284	10	9.845459
"
"16819652	9	9.692223
"
"16822012	11	9.562930
"
"16824388	10	0.622524
"
"16826752	9	9.471945
"
"16829116	11	9.328286
"
"16831496	10	0.689565
"
"16833856	9	9.222935
"
"16836212	11	9.074487
"
"16838584	10	0.191546
"
"16840944	9	8.547736
"
"16843304	11	8.404077
"
"16845672	10	0.612947
"
"16848048	9	8.202954
"
"16850412	11	8.126335
"
"16852784	10	0.004789
"
"16855160	9	7.848593
"
"16857528	11	7.824650
"
"16859892	10	0.086196
"
"16862264	9	7.738454
"
"16864628	11	7.704934
"
"16867004	10	7.661836
"
"16869384	9	7.637893
"
"16871752	11	7.599584
"
"16874132	10	7.374517
"
"16876500	9	7.250012
"
"16878868	11	7.077621
"
"16881244	10	6.804668
"
"16883620	9	7.024946
"
"16885984	11	6.929173
"
"16888356	10	6.838189
"
"16890740	9	6.115103
"
"16893120	11	5.923557
"
"16895488	10	0.100562
"
"16897864	9	5.732011
"
"16900244	11	5.727222
"
"16902612	10	0.344783
"
"16904980	9	5.981020
"
"16907352	11	6.139046
"
"16909720	10	0.191546
"
"16912092	9	6.479040
"
"16914460	11	6.608334
"
"16916824	10	0.043098
"
"16919192	9	6.957905
"
"16921560	11	7.044100
"
"16923920	10	0.306473
"
"16926280	9	7.211703
"
"16928644	11	7.360151
"
"16931024	10	0.038309
"
"16933372	9	7.427192
"
"16935740	11	7.422403
"
"16938120	10	0.000000
"
"16940452	9	7.317053
"
"16942820	11	7.283533
"
"16945208	10	7.202126
"
"16947584	9	7.192548
"
"16949956	11	7.159028
"
"16952340	10	6.938750
"
"16954684	9	6.948328
"
"16957060	11	6.862132
"
"16959436	10	6.780725
"
"16961812	9	6.747204
"
"16964176	11	6.728050
"
"16966548	10	6.435942
"
"16968928	9	6.656220
"
"16971284	11	6.646643
"
"16973656	10	6.512560
"
"16976032	9	6.713684
"
"16978404	11	6.795091
"
"16980780	10	6.847766
"
"16983164	9	6.905230
"
"16985520	11	6.953116
"
"16987896	10	6.742415
"
"16990280	9	7.048889
"
"16992648	11	7.087198
"
"16995020	10	6.809457
"
"16997408	9	7.144662
"
"16999776	11	7.173394
"
"17002148	10	6.747204
"
"17004532	9	7.221280
"
"17006896	11	7.226069
"
"17009276	10	6.751993
"
"17011660	9	7.197337
"
"17014040	11	7.173394
"
"17016412	10	6.819034
"
"17018788	9	7.101564
"
"17021156	11	7.072832
"
"17023532	10	6.933961
"
"17025896	9	7.015368
"
"17028268	11	6.981848
"
"17030636	10	6.742415
"
"17033012	9	6.962693
"
"17035388	11	6.962693
"
"17037756	10	6.809457
"
"17040136	9	6.962693
"
"17042512	11	6.967482
"
"17044880	10	6.905230
"
"17047256	9	7.005791
"
"17049628	11	7.029735
"
"17051992	10	7.101564
"
"17054364	9	7.135085
"
"17056732	11	7.178183
"
"17059108	10	7.202126
"
"17061492	9	7.250012
"
"17063864	11	7.369729
"
"17066244	10	7.360151
"
"17068624	9	7.518177
"
"17071000	11	7.575640
"
"17073368	10	7.628315
"
"17075744	9	7.738454
"
"17078104	11	7.891691
"
"17080484	10	7.546908
"
"17082848	9	8.020985
"
"17085224	11	8.073660
"
"17087592	10	8.073660
"
"17089960	9	8.164645
"
"17092324	11	8.183799
"
"17094704	10	8.001831
"
"17097080	9	8.198164
"
"17099436	11	8.198164
"
"17101804	10	8.016196
"
"17104180	9	8.169433
"
"17106540	11	8.174221
"
"17108908	10	8.121546
"
"17111280	9	8.265206
"
"17113640	11	8.418442
"
"17116004	10	8.202954
"
"17118368	9	8.677029
"
"17120728	11	8.830266
"
"17123100	10	8.686607
"
"17125460	9	9.151105
"
"17127816	11	9.448001
"
"17130180	10	9.213358
"
"17132564	9	9.653914
"
"17134928	11	9.716166
"
"17137296	10	9.040966
"
"17139656	9	9.764053
"
"17142024	11	9.735321
"
"17144396	10	8.906885
"
"17146772	9	9.606027
"
"17149136	11	9.515043
"
"17151500	10	8.677029
"
"17153876	9	9.155895
"
"17156248	11	8.993081
"
"17158608	10	8.581256
"
"17160976	9	8.672241
"
"17163352	11	8.533370
"
"17165724	10	7.661836
"
"17168100	9	8.169433
"
"17170472	11	8.116758
"
"17172840	10	7.441558
"
"17175204	9	8.020985
"
"17177572	11	8.025774
"
"17179948	10	7.369729
"
"17182324	9	8.107180
"
"17184684	11	8.174221
"
"17187048	10	7.446347
"
"17189424	9	8.384922
"
"17191784	11	8.437597
"
"17194164	10	8.020985
"
"17196540	9	5.631449
"
"17198904	11	5.444692
"
"17201284	10	8.581256
"
"17203656	9	9.467156
"
"17206016	11	7.934789
"
"17208388	10	4.922729
"
"17210744	9	5.348919
"
"17213104	11	5.664970
"
"17215480	10	5.099909
"
"17217856	9	6.268340
"
"17220212	11	6.239607
"
"17222584	10	4.927518
"
"17224952	9	4.702452
"
"17227312	11	3.869227
"
"17229680	10	3.677681
"
"17232056	9	5.229203
"
"17234412	11	6.086371
"
"17236788	10	6.474251
"
"17239172	9	7.206914
"
"17241524	11	7.058466
"
"17243896	10	0.306473
"
"17246280	9	6.608334
"
"17248640	11	6.517349
"
"17251008	10	0.775761
"
"17253384	9	5.396806
"
"17255744	11	5.176528
"
"17258116	10	1.388708
"
"17260496	9	4.343303
"
"17262860	11	3.907536
"
"17265228	10	0.153237
"
"17267588	9	3.026425
"
"17269952	11	2.921075
"
"17272316	10	0.172391
"
"17274692	9	3.059946
"
"17277076	11	3.644161
"
"17279436	10	0.354360
"
"17281796	9	4.611467
"
"17284164	11	5.071177
"
"17286528	10	0.000000
"
"17288852	9	6.804668
"
"17291212	11	7.178183
"
"17293592	10	0.000000
"
"17295932	9	8.466329
"
"17298304	11	9.577295
"
"17300684	10	9.816728
"
"17303036	9	11.741764
"
"17305476	11	12.699493
"
"17307924	10	10.769668
"
"17310352	9	13.417791
"
"17312792	11	13.800882
"
"17315216	10	11.339517
"
"17317652	9	13.527930
"
"17320088	11	13.096951
"
"17322516	10	9.835883
"
"17324892	9	11.310786
"
"17327324	11	10.726571
"
"17329768	10	9.845459
"
"17332140	9	9.629970
"
"17334504	11	9.127162
"
"17336864	10	10.764880
"
"17339292	9	14.241437
"
"17341728	11	15.448177
"
"17344164	10	11.061776
"
"17346592	9	10.104046
"
"17349012	11	9.720954
"
"17351392	10	0.612947
"
"17353780	9	8.269994
"
"17356148	11	7.221280
"
"17358516	10	0.023943
"
"17360892	9	6.728050
"
"17363248	11	6.828611
"
"17365616	10	7.048889
"
"17367988	9	7.417615
"
"17370352	11	7.599584
"
"17372716	10	7.815073
"
"17375100	9	7.757609
"
"17377472	11	7.594795
"
"17379836	10	7.355362
"
"17382224	9	7.202126
"
"17384596	11	7.111141
"
"17386964	10	6.445519
"
"17389340	9	7.187760
"
"17391716	11	7.226069
"
"17394084	10	6.900441
"
"17396464	9	7.326631
"
"17398840	11	7.264378
"
"17401208	10	7.106353
"
"17403572	9	7.307476
"
"17405944	11	7.297899
"
"17408316	10	0.004789
"
"17410692	9	7.269167
"
"17413056	11	7.321842
"
"17415436	10	0.306473
"
"17417800	9	7.226069
"
"17420176	11	7.206914
"
"17422556	10	0.383092
"
"17424924	9	7.355362
"
"17427288	11	7.226069
"
"17429668	10	0.407035
"
"17432020	9	7.278744
"
"17434380	11	7.245223
"
"17436756	10	0.383092
"
"17439116	9	7.307476
"
"17441496	11	7.230857
"
"17443880	10	0.153237
"
"17446240	9	7.283533
"
"17448604	11	7.250012
"
"17450980	10	0.062252
"
"17453360	9	7.321842
"
"17455728	11	7.250012
"
"17458100	10	0.019155
"
"17460480	9	7.307476
"
"17462860	11	7.254801
"
"17465240	10	0.038309
"
"17467608	9	7.254801
"
"17469976	11	7.302687
"
"17472352	10	0.019155
"
"17474740	9	7.192548
"
"17477100	11	7.192548
"
"17479476	10	0.000000
"
"17481824	9	7.202126
"
"17484192	11	7.216492
"
"17486564	10	0.000000
"
"17488916	9	7.230857
"
"17491280	11	7.221280
"
"17493652	10	0.119716
"
"17496028	9	7.178183
"
"17498412	11	7.206914
"
"17500788	10	0.019155
"
"17503140	9	7.206914
"
"17505508	11	7.226069
"
"17507880	10	0.047886
"
"17510252	9	7.168605
"
"17512632	11	7.211703
"
"17515000	10	0.153237
"
"17517376	9	7.197337
"
"17519760	11	7.221280
"
"17522128	10	0.081407
"
"17524488	9	7.139873
"
"17526864	11	7.173394
"
"17529236	10	7.173394
"
"17531616	9	7.149451
"
"17533996	11	7.159028
"
"17536364	10	7.163816
"
"17538748	9	7.125507
"
"17541136	11	7.154239
"
"17543512	10	7.130296
"
"17545896	9	7.168605
"
"17548268	11	7.197337
"
"17550644	10	7.125507
"
"17553028	9	7.163816
"
"17555396	11	7.192548
"
"17557772	10	7.192548
"
"17560132	9	7.149451
"
"17562496	11	7.182971
"
"17564872	10	0.000000
"
"17567188	9	7.221280
"
"17569556	11	7.226069
"
"17571936	10	0.153237
"
"17574300	9	7.211703
"
"17576664	11	7.230857
"
"17579052	10	0.306473
"
"17581424	9	7.254801
"
"17583796	11	7.269167
"
"17586172	10	0.306473
"
"17588540	9	7.245223
"
"17590912	11	7.259590
"
"17593280	10	0.368726
"
"17595660	9	7.250012
"
"17598024	11	7.250012
"
"17600400	10	0.344783
"
"17602776	9	7.250012
"
"17605144	11	7.240435
"
"17607520	10	0.177180
"
"17609896	9	7.221280
"
"17612260	11	7.245223
"
"17614636	10	0.014366
"
"17617016	9	7.202126
"
"17619384	11	7.235646
"
"17621756	10	7.202126
"
"17624148	9	7.192548
"
"17626512	11	7.197337
"
"17628888	10	7.048889
"
"17631272	9	7.197337
"
"17633640	11	7.240435
"
"17636016	10	7.058466
"
"17638392	9	7.259590
"
"17640760	11	7.206914
"
"17643140	10	7.139873
"
"17645524	9	7.197337
"
"17647892	11	7.206914
"
"17650272	10	0.047886
"
"17652648	9	7.173394
"
"17655032	11	7.182971
"
"17657408	10	0.057464
"
"17659772	9	7.135085
"
"17662144	11	7.168605
"
"17664512	10	0.000000
"
"17666832	9	7.197337
"
"17669208	11	7.197337
"
"17671588	10	0.000000
"
"17673924	9	7.192548
"
"17676308	11	7.182971
"
"17678684	10	0.028732
"
"17681052	9	7.135085
"
"17683432	11	7.163816
"
"17685808	10	0.000000
"
"17688132	9	7.206914
"
"17690504	11	7.216492
"
"17692892	10	7.202126
"
"17695272	9	7.245223
"
"17697644	11	7.254801
"
"17700024	10	7.091987
"
"17702384	9	7.273955
"
"17704756	11	7.273955
"
"17707144	10	7.144662
"
"17709516	9	7.245223
"
"17711884	11	7.302687
"
"17714264	10	7.125507
"
"17716640	9	7.250012
"
"17719008	11	7.264378
"
"17721392	10	7.053678
"
"17723764	9	7.250012
"
"17726136	11	7.226069
"
"17728520	10	7.068044
"
"17730896	9	7.250012
"
"17733264	11	7.211703
"
"17735640	10	7.202126
"
"17738020	9	7.211703
"
"17740384	11	7.235646
"
"17742764	10	7.216492
"
"17745148	9	7.293110
"
"17747512	11	7.278744
"
"17749888	10	7.259590
"
"17752268	9	7.245223
"
"17754632	11	7.250012
"
"17757016	10	7.240435
"
"17759396	9	7.250012
"
"17761756	11	7.240435
"
"17764132	10	7.226069
"
"17766520	9	7.206914
"
"17768884	11	7.250012
"
"17771260	10	7.211703
"
"17773644	9	7.221280
"
"17776008	11	7.230857
"
"17778388	10	7.206914
"
"17780776	9	7.230857
"
"17783136	11	7.245223
"
"17785508	10	7.226069
"
"17787888	9	7.254801
"
"17790252	11	7.259590
"
"17792620	10	7.206914
"
"17795008	9	7.345785
"
"17797380	11	7.293110
"
"17799752	10	7.202126
"
"17802136	9	7.278744
"
"17804512	11	7.297899
"
"17806880	10	7.115930
"
"17809256	9	7.264378
"
"17811636	11	7.273955
"
"17814012	10	7.087198
"
"17816396	9	7.269167
"
"17818784	11	7.278744
"
"17821156	10	7.101564
"
"17823528	9	7.278744
"
"17825904	11	7.273955
"
"17828276	10	7.096776
"
"17830652	9	7.254801
"
"17833020	11	7.264378
"
"17835400	10	7.053678
"
"17837784	9	7.278744
"
"17840164	11	7.273955
"
"17842540	10	7.048889
"
"17844912	9	7.245223
"
"17847284	11	7.264378
"
"17849660	10	7.125507
"
"17852040	9	7.269167
"
"17854404	11	7.273955
"
"17856784	10	7.068044
"
"17859172	9	7.273955
"
"17861540	11	7.283533
"
"17863924	10	7.269167
"
"17866304	9	7.278744
"
"17868672	11	7.254801
"
"17871056	10	7.245223
"
"17873416	9	7.250012
"
"17875792	11	7.240435
"
"17878176	10	7.077621
"
"17880552	9	7.278744
"
"17882916	11	7.202126
"
"17885304	10	7.135085
"
"17887680	9	7.317053
"
"17890060	11	7.278744
"
"17892444	10	7.096776
"
"17894808	9	7.269167
"
"17897176	11	7.264378
"
"17899560	10	7.048889
"
"17901928	9	7.254801
"
"17904296	11	7.302687
"
"17906676	10	7.125507
"
"17909060	9	7.302687
"
"17911432	11	7.302687
"
"17913812	10	7.068044
"
"17916196	9	7.340996
"
"17918572	11	7.321842
"
"17920948	10	7.072832
"
"17923324	9	7.288321
"
"17925688	11	7.278744
"
"17928060	10	7.053678
"
"17930436	9	7.278744
"
"17932796	11	7.264378
"
"17935172	10	6.943539
"
"17937556	9	7.259590
"
"17939920	11	7.245223
"
"17942292	10	6.933961
"
"17944672	9	7.240435
"
"17947040	11	7.192548
"
"17949408	10	6.862132
"
"17951800	9	7.264378
"
"17954164	11	7.269167
"
"17956536	10	6.799880
"
"17958928	9	7.283533
"
"17961300	11	7.297899
"
"17963684	10	6.780725
"
"17966064	9	7.259590
"
"17968436	11	7.250012
"
"17970808	10	6.895652
"
"17973192	9	7.269167
"
"17975564	11	7.278744
"
"17977932	10	6.957905
"
"17980308	9	7.259590
"
"17982672	11	7.269167
"
"17985044	10	6.900441
"
"17987420	9	7.283533
"
"17989800	11	7.297899
"
"17992168	10	6.895652
"
"17994540	9	7.273955
"
"17996916	11	7.297899
"
"17999284	10	6.895652
"
"18001640	9	7.302687
"
"18004024	11	7.307476
"
"18006388	10	6.842977
"
"18008780	9	7.340996
"
"18011156	11	7.345785
"
"18013528	10	7.360151
"
"18015912	9	7.384094
"
"18018288	11	7.431981
"
"18020668	10	7.355362
"
"18023048	9	7.513388
"
"18025412	11	7.412826
"
"18027792	10	6.914807
"
"18030168	9	7.374517
"
"18032544	11	7.369729
"
"18034924	10	6.933961
"
"18037300	9	7.379306
"
"18039668	11	7.369729
"
"18042056	10	6.943539
"
"18044436	9	7.374517
"
"18046804	11	7.398460
"
"18049180	10	6.943539
"
"18051556	9	7.360151
"
"18053924	11	7.364940
"
"18056300	10	6.895652
"
"18058668	9	7.326631
"
"18061040	11	7.379306
"
"18063420	10	6.819034
"
"18065784	9	7.345785
"
"18068144	11	7.307476
"
"18070520	10	6.819034
"
"18072900	9	7.350574
"
"18075276	11	7.302687
"
"18077652	10	6.819034
"
"18080028	9	7.307476
"
"18082408	11	7.326631
"
"18084780	10	7.360151
"
"18087148	9	7.273955
"
"18089508	11	7.331419
"
"18091880	10	6.785513
"
"18094268	9	7.321842
"
"18096628	11	7.288321
"
"18099008	10	6.914807
"
"18101384	9	7.273955
"
"18103752	11	7.321842
"
"18106124	10	7.058466
"
"18108500	9	7.001002
"
"18110864	11	6.996214
"
"18113236	10	0.047886
"
"18115620	9	7.091987
"
"18117976	11	6.962693
"
"18120344	10	0.589004
"
"18122712	9	6.421576
"
"18125096	11	6.038485
"
"18127472	10	0.622524
"
"18129848	9	5.143007
"
"18132212	11	4.678508
"
"18134584	10	0.000000
"
"18136920	9	6.009752
"
"18139296	11	6.119891
"
"18141672	10	1.225894
"
"18144064	9	6.186933
"
"18146440	11	6.062427
"
"18148812	10	0.617735
"
"18151192	9	6.258762
"
"18153580	11	6.316226
"
"18155944	10	1.225894
"
"18158328	9	6.124680
"
"18160704	11	6.306649
"
"18163072	10	1.225894
"
"18165444	9	6.335381
"
"18167824	11	6.196510
"
"18170196	10	1.340821
"
"18172580	9	6.340169
"
"18174952	11	6.483829
"
"18177336	10	1.307301
"
"18179708	9	6.263551
"
"18182084	11	6.392844
"
"18184460	10	1.379130
"
"18186832	9	6.402421
"
"18189200	11	6.383267
"
"18191584	10	1.537156
"
"18193960	9	6.445519
"
"18196320	11	6.330592
"
"18198700	10	0.000000
"
"18201016	9	6.402421
"
"18203388	11	6.397633
"
"18205772	10	0.076618
"
"18208140	9	6.479040
"
"18210500	11	6.502983
"
"18212888	10	0.172391
"
"18215252	9	6.756782
"
"18217628	11	6.799880
"
"18220004	10	0.622524
"
"18222376	9	6.795091
"
"18224748	11	7.130296
"
"18227128	10	1.608985
"
"18229508	9	7.173394
"
"18231876	11	7.254801
"
"18234256	10	2.451787
"
"18236632	9	7.733665
"
"18239000	11	7.987464
"
"18241380	10	2.456576
"
"18243760	9	8.327458
"
"18246128	11	8.538159
"
"18248492	10	2.834879
"
"18250876	9	9.170260
"
"18253228	11	9.246878
"
"18255604	10	3.299378
"
"18257992	9	9.941232
"
"18260344	11	10.860652
"
"18262768	10	9.912501
"
"18265160	9	12.172742
"
"18267592	11	13.058642
"
"18270028	10	11.056987
"
"18272472	9	14.557489
"
"18274904	11	15.481698
"
"18277344	10	11.037833
"
"18279780	9	17.540815
"
"18282204	11	18.125030
"
"18284644	10	10.180665
"
"18287076	9	18.833749
"
"18289508	11	18.824172
"
"18291960	10	9.811939
"
"18294340	9	18.872058
"
"18296764	11	18.809806
"
"18299192	10	9.883769
"
"18301580	9	18.125030
"
"18304012	11	17.732360
"
"18306448	10	9.826305
"
"18308836	9	17.186454
"
"18311272	11	17.061950
"
"18313700	10	7.063255
"
"18316092	9	16.999698
"
"18318532	11	17.033218
"
"18320968	10	7.355362
"
"18323332	9	17.397155
"
"18325772	11	17.588701
"
"18328204	10	7.973098
"
"18330584	9	17.818557
"
"18333012	11	17.775459
"
"18335448	10	7.839016
"
"18337844	9	17.454620
"
"18340260	11	16.750688
"
"18342684	10	4.913152
"
"18345056	9	15.606203
"
"18347468	11	15.017199
"
"18349892	10	2.643333
"
"18352264	9	13.001178
"
"18354676	11	12.306824
"
"18357104	10	0.622524
"
"18359480	9	11.042621
"
"18361900	11	9.744898
"
"18364280	10	7.968309
"
"18366664	9	8.657875
"
"18369024	11	7.805495
"
"18371400	10	5.085544
"
"18373776	9	6.359324
"
"18376152	11	6.330592
"
"18378528	10	6.139046
"
"18380908	9	6.708895
"
"18383276	11	6.905230
"
"18385648	10	5.708068
"
"18388036	9	6.771147
"
"18390392	11	6.455097
"
"18392772	10	5.526099
"
"18395168	9	5.559619
"
"18397540	11	5.056812
"
"18399916	10	0.100562
"
"18402284	9	3.596274
"
"18404652	11	3.198817
"
"18407028	10	2.777415
"
"18409404	9	2.581081
"
"18411776	11	2.193201
"
"18414140	10	1.915459
"
"18416520	9	2.030386
"
"18418896	11	1.982500
"
"18421256	10	1.843629
"
"18423624	9	1.977711
"
"18426004	11	1.992077
"
"18428372	10	1.915459
"
"18430740	9	2.035175
"
"18433112	11	2.011232
"
"18435480	10	0.210700
"
"18437828	9	2.403901
"
"18440208	11	2.528406
"
"18442576	10	0.153237
"
"18444944	9	2.700797
"
"18447316	11	2.849245
"
"18449692	10	0.076618
"
"18452068	9	3.294589
"
"18454432	11	3.447826
"
"18456808	10	0.306473
"
"18459180	9	3.759088
"
"18461552	11	3.993732
"
"18463932	10	0.119716
"
"18466284	9	4.228375
"
"18468648	11	4.333726
"
"18471020	10	0.086196
"
"18473384	9	4.606679
"
"18475752	11	4.692874
"
"18478132	10	0.311262
"
"18480496	9	4.927518
"
"18482872	11	5.052023
"
"18485260	10	5.056812
"
"18487632	9	5.411171
"
"18490008	11	5.573986
"
"18492392	10	5.516522
"
"18494764	9	5.933134
"
"18497132	11	6.086371
"
"18499504	10	5.248358
"
"18501888	9	6.713684
"
"18504252	11	6.910018
"
"18506624	10	6.143835
"
"18509016	9	7.259590
"
"18511380	11	7.527754
"
"18513752	10	5.080755
"
"18516128	9	7.776763
"
"18518496	11	7.934789
"
"18520876	10	5.018503
"
"18523256	9	8.413654
"
"18525616	11	8.581256
"
"18527984	10	6.139046
"
"18530356	9	8.911673
"
"18532716	11	9.060121
"
"18535084	10	6.900441
"
"18537448	9	9.481522
"
"18539816	11	9.610816
"
"18542188	10	6.972270
"
"18544548	9	9.878980
"
"18546904	11	10.008274
"
"18549328	10	0.383092
"
"18551712	9	10.353056
"
"18554140	11	10.463195
"
"18556580	10	0.727874
"
"18558960	9	10.764880
"
"18561388	11	10.841498
"
"18563824	10	0.306473
"
"18566212	9	10.908539
"
"18568628	11	10.927694
"
"18571064	10	0.632101
"
"18573444	9	10.937272
"
"18575868	11	10.946848
"
"18578304	10	1.072657
"
"18580696	9	10.875019
"
"18583108	11	10.784034
"
"18585540	10	0.134082
"
"18587912	9	10.678684
"
"18590340	11	10.640375
"
"18592780	10	0.162814
"
"18595160	9	10.472772
"
"18597584	11	10.444041
"
"18600028	10	0.000000
"
"18602364	9	10.410520
"
"18604776	11	10.410520
"
"18607216	10	0.450133
"
"18609588	9	10.415308
"
"18612004	11	10.420097
"
"18614444	10	0.000000
"
"18616772	9	10.472772
"
"18619192	11	10.491927
"
"18621644	10	0.086196
"
"18624020	9	10.544602
"
"18626444	11	10.568545
"
"18628892	10	0.632101
"
"18631272	9	10.664319
"
"18633700	11	10.707416
"
"18636144	10	0.306473
"
"18638520	9	10.774457
"
"18640952	11	10.846287
"
"18643384	10	0.617735
"
"18645772	9	10.937272
"
"18648208	11	10.961215
"
"18650652	10	1.249837
"
"18653016	9	11.143183
"
"18655460	11	11.195858
"
"18657900	10	1.398285
"
"18660288	9	11.224590
"
"18662716	11	11.310786
"
"18665152	10	1.608985
"
"18667548	9	11.511909
"
"18669968	11	11.578949
"
"18672404	10	1.853207
"
"18674800	9	11.933310
"
"18677224	11	12.024294
"
"18679656	10	2.298551
"
"18682044	9	12.211051
"
"18684472	11	12.388232
"
"18686912	10	9.807150
"
"18689288	9	12.565411
"
"18691712	11	12.656395
"
"18694156	10	9.960387
"
"18696532	9	12.876673
"
"18698952	11	12.929348
"
"18701404	10	9.855037
"
"18703776	9	13.096951
"
"18706204	11	13.149626
"
"18708656	10	10.420097
"
"18711084	9	13.216668
"
"18713528	11	13.254977
"
"18715972	10	10.195031
"
"18718416	9	13.331595
"
"18720864	11	13.350749
"
"18723296	10	10.305170
"
"18725728	9	13.408213
"
"18728164	11	13.475255
"
"18730600	10	9.811939
"
"18732984	9	13.532718
"
"18735416	11	13.580604
"
"18737836	10	3.715990
"
"18740220	9	13.633279
"
"18742656	11	13.666800
"
"18745076	10	3.677681
"
"18747468	9	13.762573
"
"18749892	11	13.839192
"
"18752328	10	3.984155
"
"18754728	9	14.203128
"
"18757152	11	14.375520
"
"18759584	10	4.697663
"
"18761972	9	14.729880
"
"18764396	11	15.132126
"
"18766836	10	5.516522
"
"18769212	9	15.543950
"
"18771628	11	15.740284
"
"18774064	10	6.263551
"
"18776444	9	16.233514
"
"18778868	11	16.372385
"
"18781320	10	5.363285
"
"18783696	9	16.539987
"
"18786124	11	16.563930
"
"18788572	10	5.324976
"
"18790948	9	16.391540
"
"18793368	11	16.238304
"
"18795804	10	6.282705
"
"18798184	9	15.678032
"
"18800600	11	15.366770
"
"18803040	10	4.913152
"
"18805424	9	14.696359
"
"18807852	11	14.064258
"
"18810284	10	1.278569
"
"18812668	9	13.480043
"
"18815096	11	13.221456
"
"18817540	10	0.014366
"
"18819912	9	12.579777
"
"18822348	11	12.397809
"
"18824780	10	1.656872
"
"18827144	9	12.053026
"
"18829576	11	11.880635
"
"18832012	10	1.723913
"
"18834404	9	11.368249
"
"18836832	11	11.234168
"
"18839272	10	1.302512
"
"18841664	9	10.903751
"
"18844092	11	10.860652
"
"18846532	10	0.651256
"
"18848916	9	10.678684
"
"18851344	11	10.645164
"
"18853784	10	0.612947
"
"18856160	9	10.511081
"
"18858584	11	10.467984
"
"18861020	10	0.612947
"
"18863396	9	10.463195
"
"18865816	11	10.467984
"
"18868260	10	0.622524
"
"18870628	9	10.602066
"
"18873044	11	10.654741
"
"18875492	10	0.617735
"
"18877872	9	10.841498
"
"18880296	11	10.946848
"
"18882740	10	1.235471
"
"18885124	9	11.147972
"
"18887556	11	11.416136
"
"18890012	10	1.422228
"
"18892396	9	11.708244
"
"18894812	11	11.842326
"
"18897256	10	1.838841
"
"18899644	9	12.153588
"
"18902084	11	12.206263
"
"18904516	10	2.174046
"
"18906900	9	4.290628
"
"18909272	11	-15.079451
"
"18911700	10	0.153237
"
"18914088	9	15.701975
"
"18916524	11	10.817555
"
"18918964	10	9.807150
"
"18921348	9	-22.947198
"
"18923788	11	-20.696533
"
"18926224	10	2.696008
"
"18928612	9	-13.096951
"
"18931044	11	-10.329113
"
"18933492	10	13.810460
"
"18935944	9	-4.525272
"
"18938332	11	-3.308955
"
"18940716	10	19.662185
"
"18943164	9	0.493231
"
"18945528	11	3.711202
"
"18947904	10	0.316051
"
"18950288	9	6.694529
"
"18952648	11	8.983503
"
"18955020	10	10.779246
"
"18957476	9	13.709898
"
"18959912	11	14.734668
"
"18962348	10	5.056812
"
"18964732	9	15.371559
"
"18967160	11	14.768189
"
"18969596	10	2.451787
"
"18971988	9	13.671588
"
"18974408	11	13.202301
"
"18976852	10	3.088678
"
"18979240	9	12.804843
"
"18981656	11	12.426541
"
"18984108	10	9.922078
"
"18986480	9	12.895828
"
"18988904	11	13.053853
"
"18991348	10	9.826305
"
"18993740	9	16.161685
"
"18996164	11	17.713207
"
"18998608	10	13.216668
"
"19001056	9	21.716516
"
"19003508	11	22.085241
"
"19005944	10	0.622524
"
"19008340	9	20.955121
"
"19010772	11	19.547258
"
"19013208	10	11.095296
"
"19015640	9	15.175224
"
"19018088	11	14.107356
"
"19020524	10	9.840671
"
"19022916	9	12.048237
"
"19025332	11	11.535852
"
"19027772	10	10.501504
"
"19030208	9	10.381788
"
"19032644	11	9.768841
"
"19035020	10	9.811939
"
"19037400	9	16.377174
"
"19039824	11	13.839192
"
"19042264	10	10.501504
"
"19044704	9	11.363461
"
"19047136	11	11.152760
"
"19049584	10	0.421401
"
"19051960	9	9.495888
"
"19054328	11	9.179838
"
"19056708	10	7.700145
"
"19059080	9	9.462368
"
"19061448	11	9.639548
"
"19063832	10	7.719300
"
"19066192	9	9.179838
"
"19068560	11	8.715339
"
"19070928	10	7.680990
"
"19073320	9	9.251667
"
"19075680	11	9.108008
"
"19078040	10	8.586046
"
"19080416	9	8.538159
"
"19082780	11	8.586046
"
"19085148	10	7.743243
"
"19087524	9	8.461541
"
"19089872	11	8.384922
"
"19092236	10	8.049716
"
"19094604	9	8.011407
"
"19096952	11	7.997041
"
"19099328	10	0.000000
"
"19101648	9	7.977887
"
"19104020	11	7.891691
"
"19106388	10	0.306473
"
"19108760	9	7.829439
"
"19111132	11	7.795918
"
"19113500	10	0.311262
"
"19115872	9	7.800706
"
"19118240	11	7.767186
"
"19120608	10	0.090984
"
"19122988	9	7.647470
"
"19125360	11	7.628315
"
"19127732	10	0.000000
"
"19130072	9	7.594795
"
"19132456	11	7.551697
"
"19134832	10	0.153237
"
"19137204	9	7.566063
"
"19139576	11	7.580429
"
"19141948	10	0.191546
"
"19144332	9	7.542119
"
"19146700	11	7.537331
"
"19149072	10	0.124505
"
"19151432	9	7.479867
"
"19153808	11	7.451135
"
"19156184	10	0.062252
"
"19158532	9	7.460712
"
"19160916	11	7.441558
"
"19163304	10	7.374517
"
"19165660	9	7.460712
"
"19168032	11	7.537331
"
"19170412	10	7.048889
"
"19172792	9	7.374517
"
"19175160	11	7.398460
"
"19177540	10	7.355362
"
"19179912	9	7.408038
"
"19182292	11	7.379306
"
"19184684	10	7.364940
"
"19187044	9	7.436769
"
"19189412	11	7.451135
"
"19191792	10	7.211703
"
"19194176	9	7.321842
"
"19196544	11	7.417615
"
"19198920	10	0.004789
"
"19201300	9	7.364940
"
"19203664	11	7.369729
"
"19206040	10	0.057464
"
"19208404	9	7.379306
"
"19210764	11	7.403249
"
"19213144	10	0.014366
"
"19215528	9	7.369729
"
"19217900	11	7.393671
"
"19220276	10	0.019155
"
"19222664	9	7.465501
"
"19225024	11	7.431981
"
"19227404	10	0.033521
"
"19229792	9	7.460712
"
"19232160	11	7.336208
"
"19234536	10	0.196335
"
"19236924	9	7.360151
"
"19239288	11	7.336208
"
"19241668	10	7.297899
"
"19244064	9	7.412826
"
"19246440	11	7.379306
"
"19248820	10	7.364940
"
"19251180	9	7.374517
"
"19253556	11	7.398460
"
"19255932	10	7.355362
"
"19258308	9	7.364940
"
"19260672	11	7.369729
"
"19263048	10	7.355362
"
"19265436	9	7.427192
"
"19267812	11	7.427192
"
"19270188	10	7.364940
"
"19272548	9	7.431981
"
"19274924	11	7.431981
"
"19277300	10	0.019155
"
"19279684	9	7.408038
"
"19282056	11	7.417615
"
"19284428	10	7.374517
"
"19286812	9	7.403249
"
"19289188	11	7.393671
"
"19291552	10	7.369729
"
"19293932	9	7.374517
"
"19296316	11	7.384094
"
"19298688	10	7.388883
"
"19301068	9	7.398460
"
"19303448	11	7.408038
"
"19305820	10	7.374517
"
"19308200	9	7.417615
"
"19310568	11	7.369729
"
"19312952	10	7.091987
"
"19315336	9	7.412826
"
"19317712	11	7.460712
"
"19320088	10	7.436769
"
"19322460	9	7.475079
"
"19324836	11	7.484656
"
"19327216	10	7.360151
"
"19329604	9	7.465501
"
"19331976	11	7.455924
"
"19334360	10	7.431981
"
"19336748	9	7.441558
"
"19339120	11	7.427192
"
"19341504	10	7.451135
"
"19343864	9	7.408038
"
"19346252	11	7.403249
"
"19348628	10	7.489445
"
"19350992	9	7.465501
"
"19353364	11	7.455924
"
"19355748	10	7.451135
"
"19358124	9	7.479867
"
"19360492	11	7.470290
"
"19362864	10	7.431981
"
"19365248	9	7.475079
"
"19367624	11	7.451135
"
"19370008	10	7.374517
"
"19372384	9	7.475079
"
"19374756	11	7.350574
"
"19377136	10	7.125507
"
"19379520	9	7.479867
"
"19381888	11	7.451135
"
"19384264	10	7.374517
"
"19386652	9	7.388883
"
"19389028	11	7.398460
"
"19391404	10	7.398460
"
"19393788	9	7.408038
"
"19396168	11	7.398460
"
"19398544	10	7.374517
"
"19400932	9	7.393671
"
"19403296	11	7.412826
"
"19405668	10	7.355362
"
"19408056	9	7.427192
"
"19410420	11	7.431981
"
"19412800	10	7.436769
"
"19415172	9	7.441558
"
"19417544	11	7.470290
"
"19419916	10	7.489445
"
"19422284	9	7.379306
"
"19424644	11	7.499022
"
"19427020	10	7.355362
"
"19429400	9	7.532542
"
"19431776	11	7.470290
"
"19434144	10	7.508599
"
"19436528	9	7.542119
"
"19438900	11	7.494233
"
"19441276	10	7.393671
"
"19443652	9	7.484656
"
"19446024	11	7.455924
"
"19448392	10	7.355362
"
"19450764	9	7.484656
"
"19453140	11	7.460712
"
"19455508	10	7.431981
"
"19457884	9	7.527754
"
"19460264	11	7.489445
"
"19462632	10	7.384094
"
"19465000	9	7.513388
"
"19467372	11	7.479867
"
"19469740	10	7.393671
"
"19472120	9	7.513388
"
"19474492	11	7.494233
"
"19476868	10	7.508599
"
"19479252	9	7.494233
"
"19481636	11	7.508599
"
"19484012	10	7.479867
"
"19486396	9	7.475079
"
"19488780	11	7.499022
"
"19491148	10	7.508599
"
"19493528	9	7.460712
"
"19495896	11	7.441558
"
"19498276	10	7.441558
"
"19500652	9	7.465501
"
"19503032	11	7.460712
"
"19505408	10	7.431981
"
"19507792	9	7.441558
"
"19510164	11	7.384094
"
"19512536	10	7.403249
"
"19514904	9	7.451135
"
"19517268	11	7.431981
"
"19519652	10	7.384094
"
"19522020	9	7.408038
"
"19524392	11	7.489445
"
"19526772	10	7.422403
"
"19529148	9	7.427192
"
"19531520	11	7.522965
"
"19533904	10	7.393671
"
"19536260	9	7.479867
"
"19538640	11	7.489445
"
"19541032	10	7.393671
"
"19543392	9	7.465501
"
"19545764	11	7.479867
"
"19548144	10	7.360151
"
"19550524	9	7.427192
"
"19552900	11	7.451135
"
"19555276	10	7.451135
"
"19557648	9	7.513388
"
"19560024	11	7.499022
"
"19562404	10	7.508599
"
"19564784	9	7.508599
"
"19567152	11	7.470290
"
"19569524	10	7.364940
"
"19571908	9	7.417615
"
"19574268	11	7.398460
"
"19576648	10	7.048889
"
"19579040	9	6.948328
"
"19581412	11	6.943539
"
"19583796	10	7.048889
"
"19586176	9	7.144662
"
"19588544	11	7.015368
"
"19590920	10	0.114928
"
"19593288	9	6.761570
"
"19595652	11	6.340169
"
"19598028	10	0.311262
"
"19600416	9	6.081582
"
"19602772	11	6.641854
"
"19605148	10	0.004789
"
"19607516	9	6.684952
"
"19609892	11	6.670586
"
"19612264	10	0.000000
"
"19614600	9	6.632277
"
"19616980	11	6.613122
"
"19619348	10	0.344783
"
"19621724	9	6.565236
"
"19624104	11	6.617911
"
"19626472	10	0.507597
"
"19628836	9	6.732838
"
"19631216	11	6.785513
"
"19633588	10	0.316051
"
"19635964	9	6.637065
"
"19638336	11	6.704106
"
"19640708	10	0.344783
"
"19643084	9	6.617911
"
"19645468	11	6.622699
"
"19647840	10	1.225894
"
"19650216	9	6.464674
"
"19652580	11	6.421576
"
"19654964	10	1.465326
"
"19657344	9	6.364112
"
"19659712	11	6.354535
"
"19662092	10	1.240260
"
"19664468	9	6.421576
"
"19666840	11	6.450308
"
"19669212	10	0.000000
"
"19671540	9	6.479040
"
"19673908	11	6.622699
"
"19676288	10	0.191546
"
"19678652	9	6.680163
"
"19681020	11	6.728050
"
"19683392	10	0.004789
"
"19685764	9	6.780725
"
"19688136	11	6.713684
"
"19690520	10	0.306473
"
"19692892	9	6.680163
"
"19695264	11	6.641854
"
"19697640	10	0.162814
"
"19700008	9	6.574813
"
"19702372	11	6.570024
"
"19704744	10	0.076618
"
"19707124	9	6.531715
"
"19709480	11	6.421576
"
"19711848	10	0.004789
"
"19714240	9	6.828611
"
"19716608	11	6.833400
"
"19718972	10	0.004789
"
"19721356	9	6.953116
"
"19723724	11	6.991425
"
"19726092	10	0.158025
"
"19728476	9	6.986637
"
"19730840	11	7.115930
"
"19733204	10	0.483653
"
"19735596	9	7.470290
"
"19737952	11	7.666625
"
"19740320	10	2.911498
"
"19742692	9	8.064083
"
"19745060	11	8.346612
"
"19747428	10	3.720779
"
"19749804	9	9.045756
"
"19752168	11	9.476734
"
"19754536	10	9.850248
"
"19756920	9	10.573334
"
"19759352	11	11.296420
"
"19761792	10	10.448829
"
"19764232	9	14.600586
"
"19766656	11	15.567893
"
"19769092	10	15.017199
"
"19771544	9	18.081932
"
"19773976	11	18.939100
"
"19776404	10	0.000000
"
"19778744	9	20.543296
"
"19781164	11	21.414831
"
"19783600	10	2.528406
"
"19785992	9	22.224113
"
"19788420	11	21.898485
"
"19790860	10	0.000000
"
"19793192	9	20.902446
"
"19795616	11	20.490621
"
"19798056	10	0.000000
"
"19800380	9	19.590356
"
"19802796	11	18.852905
"
"19805236	10	10.578123
"
"19807664	9	18.359674
"
"19810100	11	18.436292
"
"19812548	10	10.075315
"
"19814992	9	18.244747
"
"19817420	11	18.220804
"
"19819856	10	10.156722
"
"19822304	9	18.508121
"
"19824752	11	18.699668
"
"19827188	10	11.090508
"
"19829628	9	19.159378
"
"19832072	11	19.188110
"
"19834512	10	11.033044
"
"19836952	9	19.212053
"
"19839388	11	19.145011
"
"19841832	10	9.256456
"
"19844228	9	18.776287
"
"19846656	11	18.302209
"
"19849092	10	7.551697
"
"19851484	9	17.564758
"
"19853904	11	17.100259
"
"19856336	10	5.377651
"
"19858712	9	15.860001
"
"19861116	11	14.883116
"
"19863564	10	1.915459
"
"19865948	9	14.490447
"
"19868368	11	14.423406
"
"19870808	10	0.153237
"
"19873184	9	13.197513
"
"19875612	11	13.226244
"
"19878064	10	0.095773
"
"19880436	9	13.724264
"
"19882860	11	13.992428
"
"19885312	10	3.744722
"
"19887700	9	13.322017
"
"19890128	11	12.685128
"
"19892576	10	1.340821
"
"19894964	9	10.305170
"
"19897392	11	9.495888
"
"19899764	10	3.715990
"
"19902144	9	7.781552
"
"19904520	11	6.919596
"
"19906896	10	0.023943
"
"19909268	9	4.688086
"
"19911640	11	4.094294
"
"19914016	10	2.949807
"
"19916400	9	3.165296
"
"19918772	11	2.470942
"
"19921148	10	1.541944
"
"19923524	9	2.006443
"
"19925884	11	1.829263
"
"19928268	10	1.723913
"
"19930620	9	1.628140
"
"19932980	11	1.460537
"
"19935356	10	1.283357
"
"19937736	9	1.455749
"
"19940116	11	1.508424
"
"19942496	10	1.268992
"
"19944868	9	1.728702
"
"19947248	11	1.838841
"
"19949636	10	0.689565
"
"19952000	9	2.097428
"
"19954372	11	2.217144
"
"19956764	10	0.976884
"
"19959120	9	2.581081
"
"19961504	11	2.705586
"
"19963884	10	2.815725
"
"19966268	9	2.844457
"
"19968648	11	2.897132
"
"19971024	10	2.921075
"
"19973396	9	2.988116
"
"19975760	11	3.031214
"
"19978140	10	2.466153
"
"19980528	9	3.294589
"
"19982888	11	3.399940
"
"19985260	10	2.461365
"
"19987660	9	3.672893
"
"19990028	11	3.912325
"
"19992408	10	3.936268
"
"19994792	9	4.439076
"
"19997156	11	4.649776
"
"19999536	10	4.142180
"
"20001904	9	5.004137
"
"20004268	11	5.205260
"
"20006640	10	0.612947
"
"20009024	9	5.870882
"
"20011392	11	6.139046
"
"20013768	10	1.484481
"
"20016160	9	6.704106
"
"20018532	11	7.283533
"
"20020908	10	2.672065
"
"20023292	9	7.896480
"
"20025656	11	8.202954
"
"20028032	10	3.466981
"
"20030396	9	9.275610
"
"20032760	11	9.677857
"
"20035132	10	0.047886
"
"20037508	9	10.515871
"
"20039948	11	10.942060
"
"20042376	10	0.612947
"
"20044752	9	12.048237
"
"20047176	11	12.287670
"
"20049612	10	0.201123
"
"20052008	9	12.627664
"
"20054436	11	12.747380
"
"20056868	10	0.311262
"
"20059260	9	12.646819
"
"20061684	11	12.541468
"
"20064128	10	0.019155
"
"20066500	9	12.215840
"
"20068920	11	12.105701
"
"20071356	10	1.240260
"
"20073728	9	11.971619
"
"20076152	11	11.885423
"
"20078588	10	1.288146
"
"20080980	9	11.856692
"
"20083412	11	11.851902
"
"20085856	10	1.848418
"
"20088232	9	11.818383
"
"20090660	11	11.784862
"
"20093108	10	1.225894
"
"20095480	9	11.746553
"
"20097908	11	11.727398
"
"20100356	10	0.114928
"
"20102732	9	11.808805
"
"20105148	11	11.808805
"
"20107580	10	0.114928
"
"20109948	9	11.784862
"
"20112376	11	11.784862
"
"20114824	10	0.660833
"
"20117200	9	11.827960
"
"20119628	11	11.875846
"
"20122064	10	1.225894
"
"20124456	9	11.962041
"
"20126884	11	11.976408
"
"20129324	10	1.541944
"
"20131700	9	12.062603
"
"20134132	11	12.110489
"
"20136564	10	1.556310
"
"20138936	9	12.263727
"
"20141372	11	12.373866
"
"20143816	10	2.461365
"
"20146208	9	12.723437
"
"20148632	11	12.833576
"
"20151072	10	2.475731
"
"20153464	9	13.168781
"
"20155892	11	13.556661
"
"20158336	10	3.715990
"
"20160720	9	13.963696
"
"20163148	11	14.164819
"
"20165588	10	4.146969
"
"20167972	9	14.763401
"
"20170396	11	14.959735
"
"20172840	10	4.927518
"
"20175228	9	15.261420
"
"20177648	11	15.630146
"
"20180096	10	5.679336
"
"20182488	9	16.022813
"
"20184912	11	16.276613
"
"20187364	10	9.993907
"
"20189736	9	16.899137
"
"20192160	11	17.109836
"
"20194596	10	9.960387
"
"20196960	9	17.545604
"
"20199376	11	17.780248
"
"20201808	10	10.084892
"
"20204240	9	18.656570
"
"20206676	11	18.924734
"
"20209116	10	12.268515
"
"20211564	9	19.791479
"
"20214012	11	20.021335
"
"20216448	10	0.000000
"
"20218752	9	20.404426
"
"20221184	11	20.466678
"
"20223620	10	0.316051
"
"20226004	9	20.706111
"
"20228428	11	20.821039
"
"20230864	10	1.254626
"
"20233264	9	21.319057
"
"20235680	11	21.491449
"
"20238116	10	1.283357
"
"20240508	9	21.845809
"
"20242924	11	22.008623
"
"20245356	10	0.153237
"
"20247744	9	22.473121
"
"20250168	11	22.521009
"
"20252596	10	2.911498
"
"20254972	9	22.506643
"
"20257396	11	22.343828
"
"20259844	10	2.566715
"
"20262228	9	22.066087
"
"20264640	11	21.903272
"
"20267080	10	0.282530
"
"20269444	9	21.156244
"
"20271872	11	20.868925
"
"20274320	10	0.622524
"
"20276700	9	20.251190
"
"20279124	11	19.394021
"
"20281568	10	7.824650
"
"20283944	9	18.527276
"
"20286372	11	18.101087
"
"20288816	10	7.360151
"
"20291196	9	16.999698
"
"20293616	11	16.702802
"
"20296052	10	6.129469
"
"20298440	9	16.300556
"
"20300868	11	16.271823
"
"20303308	10	6.143835
"
"20305696	9	16.286190
"
"20308136	11	16.391540
"
"20310572	10	5.176528
"
"20312952	9	16.669281
"
"20315396	11	16.688436
"
"20317836	10	4.941884
"
"20320216	9	16.621395
"
"20322644	11	16.530410
"
"20325072	10	4.903575
"
"20327476	9	16.118587
"
"20329908	11	15.946196
"
"20332344	10	5.056812
"
"20334732	9	15.639723
"
"20337164	11	15.385925
"
"20339604	10	5.363285
"
"20341988	9	15.184802
"
"20344420	11	13.939753
"
"20346864	10	0.881111
"
"20349252	9	-0.354360
"
"20351612	11	14.121722
"
"20354064	10	7.508599
"
"20356440	9	10.482350
"
"20358868	11	-8.064083
"
"20361256	10	9.845459
"
"20363624	9	-8.193376
"
"20365996	11	-9.165472
"
"20368380	10	9.960387
"
"20370748	9	-9.266034
"
"20373124	11	-7.853382
"
"20375500	10	14.777767
"
"20377948	9	-1.450960
"
"20380320	11	0.895477
"
"20382688	10	0.004789
"
"20385072	9	6.134257
"
"20387440	11	8.255629
"
"20389808	10	9.816728
"
"20392180	9	10.798400
"
"20394592	11	11.899789
"
"20397028	10	12.263727
"
"20399484	9	13.791305
"
"20401908	11	14.658050
"
"20404352	10	4.980193
"
"20406732	9	15.974928
"
"20409148	11	16.008447
"
"20411580	10	6.464674
"
"20413956	9	16.420272
"
"20416388	11	15.103394
"
"20418828	10	1.925036
"
"20421216	9	13.618914
"
"20423640	11	13.197513
"
"20426084	10	9.826305
"
"20428464	9	13.044276
"
"20430896	11	13.298074
"
"20433328	10	10.745725
"
"20435776	9	13.575816
"
"20438224	11	13.733841
"
"20440668	10	11.243744
"
"20443100	9	14.763401
"
"20445536	11	15.299729
"
"20447972	10	10.017850
"
"20450420	9	18.230381
"
"20452848	11	18.776287
"
"20455296	10	9.845459
"
"20457684	9	18.512910
"
"20460104	11	18.125030
"
"20462532	10	6.162989
"
"20464916	9	14.749034
"
"20467332	11	13.585393
"
"20469776	10	2.533195
"
"20472168	9	10.908539
"
"20474580	11	11.138394
"
"20477032	10	10.113624
"
"20479492	9	18.776287
"
"20481936	11	16.966176
"
"20484376	10	9.850248
"
"20486748	9	13.336383
"
"20489172	11	12.962869
"
"20491608	10	11.071353
"
"20494036	9	9.606027
"
"20496408	11	9.232513
"
"20498768	10	0.325628
"
"20501120	9	8.959560
"
"20503488	11	9.213358
"
"20505848	10	9.194204
"
"20508228	9	9.266034
"
"20510596	11	9.562930
"
"20512968	10	9.002657
"
"20515336	9	9.606027
"
"20517696	11	9.309131
"
"20520072	10	8.734494
"
"20522428	9	8.686607
"
"20524788	11	8.734494
"
"20527164	10	8.662664
"
"20529524	9	8.471117
"
"20531892	11	8.456751
"
"20534260	10	7.968309
"
"20536636	9	8.313093
"
"20539012	11	8.164645
"
"20541380	10	8.011407
"
"20543764	9	7.949155
"
"20546124	11	7.704934
"
"20548496	10	7.680990
"
"20550868	9	7.666625
"
"20553236	11	7.618738
"
"20555608	10	0.033521
"
"20557972	9	7.613949
"
"20560340	11	7.604372
"
"20562712	10	7.489445
"
"20565100	9	7.522965
"
"20567460	11	7.551697
"
"20569828	10	7.585217
"
"20572208	9	7.570851
"
"20574560	11	7.575640
"
"20576924	10	0.038309
"
"20579296	9	7.542119
"
"20581676	11	7.532542
"
"20584044	10	0.134082
"
"20586404	9	7.451135
"
"20588764	11	7.422403
"
"20591132	10	0.000000
"
"20593452	9	7.412826
"
"20595828	11	7.403249
"
"20598192	10	0.052675
"
"20600552	9	7.451135
"
"20602932	11	7.379306
"
"20605300	10	0.000000
"
"20607632	9	7.374517
"
"20610008	11	7.340996
"
"20612376	10	0.009577
"
"20614736	9	7.364940
"
"20617092	11	7.340996
"
"20619468	10	0.411824
"
"20621824	9	7.297899
"
"20624196	11	7.178183
"
"20626584	10	0.306473
"
"20628940	9	7.307476
"
"20631312	11	7.374517
"
"20633700	10	0.004789
"
"20636068	9	7.317053
"
"20638440	11	7.288321
"
"20640824	10	0.000000
"
"20643152	9	7.364940
"
"20645520	11	7.321842
"
"20647892	10	0.383092
"
"20650268	9	7.340996
"
"20652632	11	7.345785
"
"20655004	10	0.344783
"
"20657384	9	7.317053
"
"20659740	11	7.345785
"
"20662112	10	0.014366
"
"20664488	9	7.355362
"
"20666852	11	7.302687
"
"20669224	10	7.202126
"
"20671604	9	7.297899
"
"20673972	11	7.307476
"
"20676348	10	7.202126
"
"20678712	9	7.288321
"
"20681076	11	7.283533
"
"20683448	10	0.000000
"
"20685784	9	7.254801
"
"20688144	11	7.245223
"
"20690516	10	0.038309
"
"20692892	9	7.250012
"
"20695256	11	7.235646
"
"20697628	10	0.153237
"
"20699984	9	7.235646
"
"20702360	11	7.211703
"
"20704728	10	0.004789
"
"20707108	9	7.211703
"
"20709484	11	7.221280
"
"20711856	10	0.000000
"
"20714196	9	7.240435
"
"20716584	11	7.254801
"
"20718956	10	7.259590
"
"20721312	9	7.264378
"
"20723688	11	7.254801
"
"20726064	10	7.202126
"
"20728440	9	7.273955
"
"20730804	11	7.288321
"
"20733188	10	7.302687
"
"20735568	9	7.317053
"
"20737948	11	7.278744
"
"20740328	10	7.230857
"
"20742700	9	7.283533
"
"20745076	11	7.273955
"
"20747460	10	7.053678
"
"20749828	9	7.259590
"
"20752200	11	7.250012
"
"20754584	10	6.972270
"
"20756928	9	7.259590
"
"20759292	11	7.264378
"
"20761676	10	6.943539
"
"20764052	9	7.245223
"
"20766424	11	7.259590
"
"20768808	10	6.895652
"
"20771180	9	7.245223
"
"20773548	11	7.273955
"
"20775920	10	7.048889
"
"20778304	9	7.245223
"
"20780668	11	7.264378
"
"20783040	10	7.125507
"
"20785424	9	7.312264
"
"20787792	11	7.331419
"
"20790168	10	7.317053
"
"20792548	9	7.226069
"
"20794916	11	7.235646
"
"20797288	10	7.202126
"
"20799676	9	7.240435
"
"20802036	11	7.250012
"
"20804412	10	7.058466
"
"20806792	9	7.221280
"
"20809148	11	7.202126
"
"20811532	10	7.125507
"
"20813912	9	7.139873
"
"20816284	11	7.159028
"
"20818664	10	0.047886
"
"20821036	9	7.163816
"
"20823396	11	7.178183
"
"20825768	10	0.095773
"
"20828128	9	7.192548
"
"20830496	11	7.192548
"
"20832868	10	0.019155
"
"20835236	9	7.226069
"
"20837600	11	7.264378
"
"20839968	10	7.278744
"
"20842320	9	7.259590
"
"20844696	11	7.288321
"
"20847068	10	7.202126
"
"20849456	9	7.312264
"
"20851824	11	7.321842
"
"20854188	10	7.226069
"
"20856564	9	7.340996
"
"20858940	11	7.312264
"
"20861304	10	7.278744
"
"20863676	9	7.340996
"
"20866056	11	7.350574
"
"20868428	10	7.297899
"
"20870812	9	7.364940
"
"20873168	11	7.379306
"
"20875540	10	7.355362
"
"20877900	9	7.364940
"
"20880268	11	7.374517
"
"20882652	10	7.259590
"
"20885016	9	7.388883
"
"20887388	11	7.336208
"
"20889768	10	7.125507
"
"20892132	9	7.307476
"
"20894500	11	7.283533
"
"20896884	10	6.900441
"
"20899256	9	7.269167
"
"20901620	11	7.264378
"
"20904004	10	6.809457
"
"20906368	9	7.278744
"
"20908736	11	7.273955
"
"20911120	10	6.742415
"
"20913484	9	7.245223
"
"20915852	11	7.087198
"
"20918228	10	7.355362
"
"20920604	9	7.422403
"
"20922968	11	7.340996
"
"20925344	10	6.819034
"
"20927720	9	7.393671
"
"20930092	11	7.427192
"
"20932464	10	7.355362
"
"20934824	9	7.403249
"
"20937188	11	7.403249
"
"20939564	10	7.393671
"
"20941952	9	7.422403
"
"20944312	11	7.403249
"
"20946684	10	7.384094
"
"20949056	9	7.403249
"
"20951420	11	7.408038
"
"20953800	10	7.393671
"
"20956192	9	7.369729
"
"20958564	11	7.398460
"
"20960940	10	7.398460
"
"20963320	9	7.374517
"
"20965688	11	7.398460
"
"20968064	10	7.398460
"
"20970452	9	7.379306
"
"20972812	11	7.345785
"
"20975180	10	7.374517
"
"20977552	9	7.364940
"
"20979924	11	7.369729
"
"20982292	10	7.053678
"
"20984672	9	7.336208
"
"20987048	11	7.321842
"
"20989408	10	7.053678
"
"20991792	9	7.331419
"
"20994160	11	7.326631
"
"20996524	10	7.355362
"
"20998884	9	7.240435
"
"21001264	11	7.374517
"
"21003636	10	7.431981
"
"21006012	9	7.436769
"
"21008392	11	7.441558
"
"21010768	10	7.355362
"
"21013132	9	7.590006
"
"21015488	11	7.393671
"
"21017856	10	0.000000
"
"21020192	9	7.590006
"
"21022548	11	7.537331
"
"21024924	10	0.009577
"
"21027296	9	7.187760
"
"21029664	11	6.536504
"
"21032040	10	0.306473
"
"21034396	9	6.340169
"
"21036768	11	6.225242
"
"21039156	10	0.622524
"
"21041512	9	4.831745
"
"21043880	11	4.271473
"
"21046252	10	0.119716
"
"21048628	9	5.851727
"
"21050992	11	5.952289
"
"21053376	10	0.627313
"
"21055748	9	5.679336
"
"21058116	11	5.597929
"
"21060496	10	0.670411
"
"21062872	9	5.799052
"
"21065228	11	6.043273
"
"21067608	10	0.976884
"
"21069972	9	5.971443
"
"21072340	11	5.981020
"
"21074708	10	0.000000
"
"21077048	9	5.952289
"
"21079408	11	6.095948
"
"21081784	10	0.196335
"
"21084168	9	6.100737
"
"21086532	11	6.105525
"
"21088908	10	0.833225
"
"21091280	9	6.033696
"
"21093648	11	5.981020
"
"21096016	10	1.034348
"
"21098388	9	5.856516
"
"21100756	11	5.846939
"
"21103124	10	0.306473
"
"21105488	9	6.033696
"
"21107852	11	6.076794
"
"21110216	10	0.383092
"
"21112588	9	6.148623
"
"21114972	11	6.186933
"
"21117348	10	1.268992
"
"21119740	9	6.364112
"
"21122112	11	6.340169
"
"21124484	10	1.393496
"
"21126840	9	6.277917
"
"21129200	11	6.210875
"
"21131568	10	1.225894
"
"21133944	9	6.215664
"
"21136312	11	6.234819
"
"21138688	10	0.004789
"
"21141064	9	6.411999
"
"21143428	11	6.651431
"
"21145800	10	1.302512
"
"21148168	9	6.661008
"
"21150536	11	6.876498
"
"21152912	10	1.407862
"
"21155288	9	7.254801
"
"21157652	11	7.613949
"
"21160032	10	2.763050
"
"21162392	9	8.020985
"
"21164760	11	8.226897
"
"21167140	10	3.984155
"
"21169516	9	9.744898
"
"21171888	11	10.702628
"
"21174324	10	11.645991
"
"21176764	9	12.948503
"
"21179184	11	14.873539
"
"21181632	10	10.999524
"
"21184084	9	17.023641
"
"21186508	11	17.962217
"
"21188952	10	0.076618
"
"21191324	9	20.155416
"
"21193760	11	20.418792
"
"21196196	10	0.004789
"
"21198572	9	21.390888
"
"21201004	11	22.123550
"
"21203440	10	2.461365
"
"21205824	9	21.769191
"
"21208260	11	21.127511
"
"21210704	10	0.081407
"
"21213088	9	19.240785
"
"21215508	11	19.063606
"
"21217940	10	12.795267
"
"21220380	9	18.905580
"
"21222804	11	18.838539
"
"21225240	10	12.608510
"
"21227680	9	18.565586
"
"21230108	11	18.053199
"
"21232540	10	10.535025
"
"21234976	9	19.149801
"
"21237408	11	19.877676
"
"21239860	10	0.723086
"
"21242244	9	20.682168
"
"21244668	11	21.390888
"
"21247112	10	1.857995
"
"21249488	9	22.161859
"
"21251912	11	22.386926
"
"21254368	10	0.000000
"
"21256716	9	21.477083
"
"21259136	11	20.897657
"
"21261584	10	0.210700
"
"21263952	9	19.135435
"
"21266384	11	18.455446
"
"21268828	10	7.403249
"
"21271216	9	18.115453
"
"21273644	11	17.813768
"
"21276080	10	7.508599
"
"21278472	9	17.033218
"
"21280904	11	16.132953
"
"21283340	10	4.903575
"
"21285724	9	13.714687
"
"21288164	11	13.403425
"
"21290600	10	0.545906
"
"21292976	9	14.270170
"
"21295400	11	14.227072
"
"21297836	10	0.076618
"
"21300212	9	13.240611
"
"21302636	11	11.583739
"
"21305076	10	0.153237
"
"21307464	9	9.572506
"
"21309820	11	8.456751
"
"21312184	10	4.917941
"
"21314548	9	5.095121
"
"21316920	11	4.118237
"
"21319292	10	3.141353
"
"21321664	9	2.581081
"
"21324024	11	2.030386
"
"21326396	10	0.000000
"
"21328732	9	0.981673
"
"21331096	11	0.804493
"
"21333460	10	0.009577
"
"21335828	9	0.545906
"
"21338204	11	0.478865
"
"21340568	10	0.153237
"
"21342936	9	0.565060
"
"21345304	11	0.689565
"
"21347660	10	0.000000
"
"21349996	9	0.938575
"
"21352356	11	1.278569
"
"21354736	10	0.009577
"
"21357112	9	1.776588
"
"21359488	11	2.039964
"
"21361868	10	0.622524
"
"21364240	9	2.676854
"
"21366620	11	2.815725
"
"21369008	10	2.801359
"
"21371380	9	3.093466
"
"21373748	11	3.189239
"
"21376132	10	2.758261
"
"21378516	9	3.519656
"
"21380884	11	3.605851
"
"21383264	10	2.466153
"
"21385648	9	3.749511
"
"21388024	11	3.984155
"
"21390408	10	2.863611
"
"21392764	9	4.199644
"
"21395144	11	4.304994
"
"21397536	10	3.682470
"
"21399888	9	4.798225
"
"21402256	11	4.999348
"
"21404636	10	0.100562
"
"21407012	9	5.344130
"
